#,category,words_and_phrases
1,Electrical Elements,"[AC,DC,Voltage,Watt,Volt,Ampere,Ohm,Resistance,Fuse,Circuit,Capacitor,Transistor]"
2,Transportation,"[Car,Bike,Scooter,Bus,Train,Aeroplane,Rocket,Subway,Ferry,Helicopter,Tram,Yacht]"
3,Geometry,"[Triangle,Square,Rectangle,Circle,Hexagon,Octagon,Rhombus,Pentagon,Ellipse,Trapezoid,Parallelogram,Cylinder]"
4,Fruits,"[Apple,Banana,Mango,Orange,Grape,Kiwi,Peach,Plum,Cherry,Papaya,Pineapple,Watermelon]"
5,Vegetables,"[Carrot,Broccoli,Spinach,Onion,Potato,Tomato,Cabbage,Lettuce,Beetroot,Cauliflower,Zucchini,Radish]"
6,Planets and Space,"[Mars,Jupiter,Saturn,Neptune,Mercury,Venus,Uranus,Comet,Asteroid,Nebula,Pulsar,Quasar]"
7,Music Instruments,"[Piano,Guitar,Violin,Flute,Drums,Trumpet,Cello,Harp,Saxophone,Clarinet,Banjo,Accordion]"
8,Sports,"[Soccer,Tennis,Rugby,Basketball,Cricket,Volleyball,Badminton,Swimming,Boxing,Golf,Archery,Fencing]"
9,Programming Languages,"[Python,JavaScript,Java,Ruby,Swift,Kotlin,Rust,Go,TypeScript,PHP,Scala,Haskell]"
10,Countries,"[France,Japan,Brazil,India,Canada,Germany,Australia,Mexico,Italy,Egypt,Thailand,Argentina]"
11,Dances,"[Salsa,Tango,Ballet,Waltz,Breakdance,Flamenco,Jive,Rumba,Polka,Foxtrot,Cha-Cha,Bhangra]"
12,Currencies,"[Dollar,Euro,Yen,Pound,Rupee,Franc,Krona,Peso,Ruble,Dinar,Baht,Dirham]"
13,Ocean Creatures,"[Shark,Dolphin,Whale,Octopus,Seahorse,Clownfish,Starfish,Jellyfish,Lobster,Crab,Eel,Manta Ray]"
14,Emotions,"[Joy,Anger,Fear,Sadness,Surprise,Disgust,Love,Envy,Pride,Hope,Guilt,Shame]"
15,Mythology Gods,"[Zeus,Odin,Thor,Poseidon,Athena,Apollo,Artemis,Hermes,Loki,Ra,Vishnu,Shiva]"
16,Historical Figures,"[Cleopatra,Napoleon,Caesar,Alexander,Einstein,Darwin,Newton,Shakespeare,Lincoln,Gandhi,Confucius,Columbus]"
17,Shades of Color,"[Crimson,Cerulean,Magenta,Indigo,Scarlet,Amber,Chartreuse,Vermilion,Turquoise,Sienna,Ochre,Cobalt]"
18,Trees,"[Oak,Maple,Pine,Birch,Redwood,Bamboo,Cedar,Willow,Mahogany,Eucalyptus,Banyan,Spruce]"
19,Superpowers,"[Flight,Telepathy,Invisibility,Telekinesis,Time Travel,Healing,Shape-shifting,Speed,Clairvoyance,Duplication,Intangibility,Magnetism]"
20,Food Dishes,"[Sushi,Tacos,Pizza,Biryani,Ramen,Paella,Croissant,Pho,Moussaka,Kebab,Fondue,Rendang]"
21,Musical Genres,"[Jazz,Rock,Classical,Hip-Hop,Country,Reggae,Blues,Pop,Metal,Funk,Soul,Electronic]"
22,Card Games,"[Poker,Blackjack,Rummy,Bridge,Solitaire,Snap,Cribbage,Canasta,Euchre,Spades,Hearts,Gin]"
23,Board Games,"[Chess,Checkers,Monopoly,Scrabble,Risk,Clue,Battleship,Go,Backgammon,Othello,Dominoes,Mahjong]"
24,Phobias,"[Arachnophobia,Claustrophobia,Acrophobia,Agoraphobia,Thalassophobia,Nyctophobia,Pyrophobia,Cynophobia,Ophidiophobia,Hemophobia,Aviophobia,Xenophobia]"
25,Literary Genres,"[Mystery,Romance,Thriller,Fantasy,Horror,Biography,Adventure,Dystopian,Satire,Gothic,Noir,Fable]"
26,Kitchen Tools,"[Spatula,Whisk,Colander,Ladle,Tongs,Peeler,Zester,Skillet,Wok,Ramekin,Mandoline,Mortar]"
27,Fashion Items,"[Blazer,Trench Coat,Cardigan,Parka,Kimono,Sari,Kilt,Poncho,Tunic,Sundress,Tuxedo,Caftan]"
28,Weather Phenomena,"[Tornado,Blizzard,Monsoon,Drought,Hailstorm,Cyclone,Fog,Aurora,Thunderstorm,Avalanche,Sandstorm,Rainbow]"
29,Chemical Elements,"[Hydrogen,Oxygen,Carbon,Gold,Silver,Iron,Copper,Helium,Nitrogen,Uranium,Platinum,Neon]"
30,Superheroes,"[Batman,Superman,Spider-Man,Wonder Woman,Iron Man,Captain America,Black Panther,Hulk,Flash,Aquaman,Wolverine,Hawkeye]"
31,Art Movements,"[Cubism,Surrealism,Impressionism,Baroque,Renaissance,Romanticism,Dadaism,Pop Art,Futurism,Minimalism,Expressionism,Realism]"
32,Cocktails,"[Mojito,Margarita,Martini,Cosmopolitan,Negroni,Daiquiri,Manhattan,Old Fashioned,Bellini,Sangria,Mimosa,Spritz]"
33,Scientific Fields,"[Biology,Chemistry,Physics,Astronomy,Psychology,Geology,Ecology,Anthropology,Botany,Neuroscience,Oceanography,Genetics]"
34,Cartoon Characters,"[Mickey Mouse,Bugs Bunny,Scooby-Doo,Pikachu,Goku,Naruto,SpongeBob,Bart Simpson,Popeye,Daffy Duck,Tweety,Yogi Bear]"
35,Breakfast Foods,"[Pancakes,Waffles,Omelette,Granola,Bagel,Porridge,French Toast,Frittata,Shakshuka,Crepe,Muesli,Quiche]"
36,Architectural Styles,"[Gothic,Baroque,Art Deco,Brutalist,Modernist,Victorian,Colonial,Tudor,Mediterranean,Craftsman,Neoclassical,Prairie]"
37,Types of Clouds,"[Cumulus,Stratus,Cirrus,Nimbus,Cumulonimbus,Altocumulus,Altostratus,Cirrocumulus,Stratocumulus,Cirrostratus,Mammatus,Lenticular]"
38,Yoga Poses,"[Downward Dog,Warrior,Tree Pose,Cobra,Lotus,Plank,Mountain Pose,Child's Pose,Pigeon,Crow Pose,Bridge,Headstand]"
39,Dog Breeds,"[Labrador,Poodle,Bulldog,Beagle,Husky,Dachshund,Dalmatian,Chihuahua,Rottweiler,Corgi,Pomeranian,Shih Tzu]"
40,Cat Breeds,"[Siamese,Persian,Bengal,Maine Coon,Ragdoll,Sphynx,Burmese,Abyssinian,Birman,Scottish Fold,Tonkinese,Manx]"
41,Gemstones,"[Diamond,Ruby,Emerald,Sapphire,Amethyst,Topaz,Opal,Garnet,Pearl,Aquamarine,Turquoise,Citrine]"
42,Spices and Herbs,"[Cinnamon,Turmeric,Basil,Oregano,Cumin,Saffron,Cardamom,Paprika,Rosemary,Thyme,Clove,Nutmeg]"
43,Fonts and Typefaces,"[Arial,Helvetica,Garamond,Futura,Baskerville,Bodoni,Palatino,Courier,Times New Roman,Gill Sans,Optima,Didot]"
44,Social Media Platforms,"[Instagram,Twitter,TikTok,LinkedIn,Pinterest,Snapchat,Reddit,YouTube,Tumblr,Mastodon,Threads,BeReal]"
45,Famous Painters,"[Picasso,Monet,Rembrandt,Dali,Michelangelo,Raphael,Vermeer,Klimt,Kandinsky,Magritte,Hockney,Basquiat]"
46,Types of Tea,"[Green,Black,Oolong,Chamomile,Peppermint,Earl Grey,Matcha,Jasmine,Rooibos,Darjeeling,Hibiscus,Sencha]"
47,Dinosaurs,"[T-Rex,Triceratops,Velociraptor,Brachiosaurus,Stegosaurus,Diplodocus,Ankylosaurus,Pterodactyl,Spinosaurus,Allosaurus,Iguanodon,Parasaurolophus]"
48,Math Concepts,"[Integral,Derivative,Matrix,Vector,Logarithm,Polynomial,Factorial,Permutation,Combination,Eigenvalue,Gradient,Divergence]"
49,Famous Novels,"[Dune,1984,Hamlet,Odyssey,Moby Dick,Jane Eyre,Don Quixote,Ulysses,Lolita,Beloved,Middlemarch,Dracula]"
50,Cooking Methods,"[Baking,Frying,Grilling,Steaming,Braising,Roasting,Sauteing,Poaching,Smoking,Fermenting,Blanching,Broiling]"
51,Renewable Energy,"[Solar,Wind,Hydro,Geothermal,Tidal,Biomass,Wave,Hydrogen,Biogas,Nuclear,Osmotic,Ambient]"
52,Famous Scientists,"[Newton,Einstein,Darwin,Curie,Hawking,Tesla,Faraday,Bohr,Feynman,Heisenberg,Turing,Pasteur]"
53,Constellations,"[Orion,Cassiopeia,Andromeda,Perseus,Aquarius,Leo,Scorpius,Gemini,Taurus,Pisces,Virgo,Draco]"
54,Olympic Sports,"[Marathon,Decathlon,Pentathlon,Heptathlon,Triathlon,Biathlon,Fencing,Judo,Taekwondo,Archery,Rowing,Equestrian]"
55,Photography Terms,"[Aperture,Shutter Speed,ISO,Bokeh,Depth of Field,Exposure,Focal Length,Histogram,White Balance,Composition,Lens Flare,Vignette]"
56,Fashion Designers,"[Chanel,Dior,Versace,Armani,Gucci,Prada,Valentino,Balenciaga,McQueen,Lagerfeld,Westwood,Miyake]"
57,Types of Pasta,"[Spaghetti,Penne,Rigatoni,Linguine,Fettuccine,Tagliatelle,Fusilli,Farfalle,Orecchiette,Gnocchi,Lasagne,Ravioli]"
58,Ancient Civilizations,"[Roman,Greek,Egyptian,Mesopotamian,Persian,Mayan,Aztec,Inca,Chinese,Indus,Phoenician,Minoan]"
59,Types of Cheese,"[Cheddar,Brie,Gouda,Parmesan,Camembert,Mozzarella,Gorgonzola,Gruyere,Feta,Manchego,Emmental,Havarti]"
60,Movie Directors,"[Spielberg,Kubrick,Tarantino,Nolan,Scorsese,Coppola,Fincher,Hitchcock,Kurosawa,Lynch,Fellini,Bergman]"
61,Sea Vessels,"[Galleon,Schooner,Frigate,Brigantine,Clipper,Catamaran,Kayak,Canoe,Dinghy,Trawler,Tanker,Tugboat]"
62,Ancient Wonders,"[Colosseum,Pyramids,Parthenon,Stonehenge,Angkor Wat,Machu Picchu,Great Wall,Taj Mahal,Petra,Chichen Itza,Moai,Alhambra]"
63,Brain Parts,"[Cortex,Cerebellum,Hippocampus,Amygdala,Thalamus,Hypothalamus,Brainstem,Corpus Callosum,Frontal Lobe,Temporal Lobe,Parietal Lobe,Occipital Lobe]"
64,Video Game Genres,"[RPG,FPS,RTS,MOBA,Roguelike,Platformer,Sandbox,Survival,Fighting,Puzzle,Simulation,Visual Novel]"
65,Logical Operators,"[AND,OR,NOT,XOR,NAND,NOR,XNOR,Implication,Biconditional,Negation,Conjunction,Disjunction]"
66,Startup Terms,"[Pivot,Runway,Burn Rate,Unicorn,Seed Round,Series A,MVP,Churn,ARR,Valuation,Bootstrap,Acquisition]"
67,Cocktail Ingredients,"[Lime,Mint,Ice,Bitters,Vermouth,Syrup,Tonic,Soda,Rum,Gin,Vodka,Bourbon]"
68,Types of Bread,"[Sourdough,Baguette,Ciabatta,Rye,Pumpernickel,Brioche,Focaccia,Naan,Pita,Pretzel,Challah,Croissant]"
69,European Cities,"[Paris,Rome,Berlin,Madrid,Amsterdam,Vienna,Prague,Lisbon,Athens,Copenhagen,Stockholm,Budapest]"
70,Asian Cities,"[Tokyo,Shanghai,Mumbai,Seoul,Bangkok,Singapore,Dubai,Istanbul,Jakarta,Beijing,Osaka,Kuala Lumpur]"
71,World History Events,"[French Revolution,Industrial Revolution,World War I,World War II,Cold War,Renaissance Age,American Civil War,Great Depression,Partition of India,Fall of Berlin Wall,Apollo 11 Moon Landing,Arab Spring]"
72,Scientific Concepts,"[Gravity,Relativity,Quantum Mechanics,Photosynthesis,Evolution,Thermodynamics,Electromagnetism,Nuclear Fission,Plate Tectonics,Genetics,Dark Matter,Entropy]"
73,Famous Personalities,"[Albert Einstein,Isaac Newton,Marie Curie,Mahatma Gandhi,Nelson Mandela,Leonardo da Vinci,Nikola Tesla,Stephen Hawking,Charles Darwin,Abdul Kalam,Galileo Galilei,Ada Lovelace]"
74,Important Inventions,"[Printing Press,Telephone,Light Bulb,Internet,Steam Engine,Electric Motor,Airplane,Computer,Smartphone,Television,Radio,Compass]"
75,Global Organizations,"[United Nations,World Health Organization,UNESCO,International Monetary Fund,World Bank,Red Cross,NATO,ASEAN,Interpol,OPEC,Commonwealth,European Union]"
76,Computer Science Basics,"[Algorithm,Data Structure,Database,Operating System,Compiler,Encryption,Artificial Intelligence,Machine Learning,Cloud Computing,Blockchain,Cybersecurity,Networking]"
77,Space & Astronomy,"[Galaxy,Black Hole,Supernova,Planet,Asteroid,Comet,Nebula,Milky Way,Exoplanet,Light Year,Orbit,Big Bang]"
78,Economics & Finance,"[Inflation,Deflation,GDP,Stock Market,Interest Rate,Supply and Demand,Recession,Budget,Taxation,Cryptocurrency,Investment,Capitalism]"
79,Human Anatomy,"[Brain,Heart,Lungs,Liver,Kidney,Nervous System,Muscular System,Skeleton,Blood Cells,DNA,Hormones,Immune System]"
80,Environmental Topics,"[Climate Change,Global Warming,Deforestation,Biodiversity,Recycling,Renewable Energy,Sustainability,Carbon Footprint,Pollution,Conservation,Ecosystem,Greenhouse Effect]"
81,Philosophy & Ethics,"[Existentialism,Utilitarianism,Moral Relativism,Free Will,Determinism,Ethics,Logic,Consciousness,Stoicism,Nihilism,Epistemology,Metaphysics]"
82,Art & Literature,"[Poetry,Novel,Drama,Short Story,Essay,Modernism,Romanticism,Realism,Symbolism,Fiction,Nonfiction,Satire]"
83,Languages & Communication,"[Grammar,Syntax,Semantics,Phonetics,Bilingualism,Translation,Idioms,Slang,Nonverbal Communication,Rhetoric,Linguistics,Pronunciation]"
84,Health & Wellness,"[Nutrition,Exercise,Mental Health,Meditation,Yoga,Hydration,Sleep Hygiene,Stress Management,Balanced Diet,Cardio,Fitness,Wellbeing]"
85,Technology Trends,"[5G,Internet of Things,Augmented Reality,Virtual Reality,Edge Computing,Quantum Computing,Robotics,Automation,Digital Transformation,Big Data,Wearables,Smart Cities]"
86,Legal & Civic Knowledge,"[Constitution,Democracy,Fundamental Rights,Duties,Judiciary,Legislation,Elections,Public Policy,Civil Law,Criminal Law,Human Rights,Rule of Law]"
87,Everyday Life Skills,"[Time Management,Decision Making,Critical Thinking,Problem Solving,Communication Skills,Financial Literacy,Negotiation,Adaptability,Creativity,Leadership,Collaboration,Planning]"
88,Common Idioms & Phrases,"[Break the ice,Hit the nail on the head,Piece of cake,Once in a blue moon,Spill the beans,Burn the midnight oil,Cost an arm and a leg,Under the weather,The ball is in your court,Actions speak louder than words,Bite the bullet,Kill two birds with one stone]"
89,Mythology & Legends,"[Zeus,Thor,Odin,Hercules,Ramayana,Mahabharata,Achilles,Phoenix,Medusa,Anubis,Poseidon,Krishna]"
90,Food & Cuisine,"[Biryani,Pizza,Burger,Sushi,Pasta,Tacos,Dumplings,Curry,Noodles,Salad,Steak,Paella]"
91,Cognitive Biases,"[Confirmation Bias,Anchoring Bias,Availability Heuristic,Hindsight Bias,Overconfidence Effect,Loss Aversion,Dunning-Kruger Effect,Framing Effect,Negativity Bias,Survivorship Bias,Status Quo Bias,Recency Effect]"
92,Micro Habits,"[2 Minute Rule,Daily Journaling,Gratitude Practice,Stretch Breaks,Digital Detox,Early Wake Up,Reading Habit,Hydration Reminder,Mindful Breathing,Decluttering,Daily Reflection,Task Batching]"
93,Hidden Life Skills,"[Active Listening,Emotional Regulation,Boundary Setting,Conflict Resolution,Self Awareness,Adaptability,Patience,Observation Skills,Empathy,Resilience,Decision Framing,Prioritization]"
94,Internet Culture,"[Memes,Viral Trends,Clickbait,Trolling,Hashtags,Influencers,Cancel Culture,Digital Footprint,Online Etiquette,Subreddits,Streaming Culture,Short Form Content]"
95,Decision Making Frameworks,"[SWOT Analysis,Cost Benefit Analysis,Pareto Principle,First Principles Thinking,Occams Razor,Eisenhower Matrix,Decision Tree,OODA Loop,Game Theory,Scenario Planning,Root Cause Analysis,Expected Value]"
96,Unwritten Social Rules,"[Personal Space,Eye Contact,Turn Taking,Politeness Norms,Queue Etiquette,Respecting Silence,Gift Giving Etiquette,Dress Codes,Body Language Signals,Timing Conversations,Reciprocity,Apologizing]"
97,Modern Digital Threats,"[Phishing,Ransomware,Identity Theft,Data Breach,Deepfakes,Social Engineering,Malware,Spyware,Password Attacks,Cyberbullying,Online Scams,Zero Day Exploit]"
98,Human Emotions Spectrum,"[Joy,Sadness,Anger,Fear,Disgust,Surprise,Trust,Anticipation,Shame,Guilt,Pride,Jealousy]"
99,Thinking Models,"[Systems Thinking,Lateral Thinking,Critical Thinking,Creative Thinking,Analytical Thinking,Strategic Thinking,Abstract Thinking,Design Thinking,Reflective Thinking,Holistic Thinking,Convergent Thinking,Divergent Thinking]"
100,Minimalist Living Concepts,"[Decluttering,Capsule Wardrobe,Essentialism,Frugal Living,Intentional Living,Simple Living,Digital Minimalism,Downsizing,Sustainable Choices,No Buy Challenge,Quality Over Quantity,Space Optimization]"
101,Types of Curiosity,"[Epistemic Curiosity,Perceptual Curiosity,Diversive Curiosity,Specific Curiosity,Morbid Curiosity,Social Curiosity,Intellectual Curiosity,Creative Curiosity,Exploratory Curiosity,Problem Solving Curiosity,Scientific Curiosity,Philosophical Curiosity]"
102,Patterns in Nature,"[Fractals,Fibonacci Sequence,Golden Ratio,Symmetry,Spirals,Tessellation,Branching Patterns,Wave Patterns,Crystalline Structures,Radial Patterns,Meandering Rivers,Voronoi Patterns]"
103,Modern Career Paths,"[Content Creator,Data Scientist,UX Designer,Product Manager,Digital Marketer,AI Engineer,Cloud Architect,Cybersecurity Analyst,Game Developer,Startup Founder,Freelancer,Influencer]"
104,Personal Knowledge Systems,"[Note Taking,Second Brain,Knowledge Graph,Spaced Repetition,Mind Mapping,Zettelkasten,Flashcards,Annotation,Summarization,Indexing,Tagging,Archiving]"
105,Everyday Psychology Tricks,"[Priming,Mirroring,Scarcity Principle,Social Proof,Foot in the Door Technique,Door in the Face Technique,Anchoring in Negotiation,Framing Messages,Name Recall Trick,Chunking,Visualization,Positive Reinforcement]"
106,Urban Survival Skills,"[Navigation Skills,Street Smarts,Crowd Awareness,Emergency Response,Self Defense Basics,Finding Safe Zones,Using Public Transport,Reading Maps,Situational Awareness,Resourcefulness,Quick Decision Making,Escape Planning]"
107,Creative Expression Forms,"[Doodling,Storytelling,Improvisation,Sketching,Poetry Writing,Music Composition,Dance,Photography,Filmmaking,Digital Art,Crafting,Calligraphy]"
108,Time Perception Concepts,"[Time Dilation,Subjective Time,Flow State,Procrastination Loop,Deadline Effect,Temporal Discounting,Circadian Rhythm,Peak Hours,Time Blocking,Parkinsons Law,Attention Span,Multitasking Myth]"
109,Subtle Communication Signals,"[Tone of Voice,Facial Expressions,Gestures,Posture,Microexpressions,Pauses,Eye Movement,Touch Signals,Speech Pace,Silence Meaning,Handshake Style,Personal Distance]"
110,Future Possibilities,"[Space Colonization,Artificial General Intelligence,Human Augmentation,Smart Homes,Autonomous Vehicles,Digital Currency Societies,Metaverse Expansion,Longevity Science,Climate Engineering,Brain Computer Interface,Nano Technology,Hyperloop Systems]"
111,Things People Forget Often,"[Passwords,Names,Keys,Phone Charger,Birthdays,Appointments,Ideas,Where They Parked,Why They Entered a Room,Shopping Items,Deadlines,Conversations]"
112,Sounds of Everyday Life,"[Door Knock,Alarm Clock,Keyboard Typing,Rainfall,Footsteps,Traffic Noise,Phone Notification,Clock Ticking,Coffee Brewing,Dog Barking,Paper Rustling,Wind Blowing]"
113,Small Daily Joys,"[Morning Coffee,Fresh Sheets,Cool Breeze,Hot Shower,Favorite Song,Sunset View,Unexpected Compliment,Finding Money,Good Laugh,Comfort Food,Day Off,Finishing Tasks]"
114,Common Waiting Moments,"[Traffic Light,Loading Screen,Elevator Arrival,Food Delivery,Queue Line,Download Progress,Reply Message,Water Boiling,Meeting Start,Bus Arrival,Call Hold,Exam Results]"
115,Things That Age Over Time,"[Wine,Cheese,Friendships,Memories,Books,Buildings,Technology,Skills,Traditions,Photographs,Clothes,Ideas]"
116,Unnoticed Details,"[Shadows,Reflections,Background Conversations,Ceiling Patterns,Wall Cracks,Street Signs,Footprints,Light Flickers,Smells,Temperature Changes,Small Movements,Color Shades]"
117,Moments of Silence,"[Awkward Silence,Peaceful Silence,Anticipation Silence,Post Argument Silence,Early Morning Quiet,Night Stillness,Library Silence,Meditation Silence,Nature Quiet,Before Announcement,After Shock,Between Conversations]"
118,Everyday Frustrations,"[Slow Internet,Lost Items,Spilled Drinks,Traffic Jams,Long Queues,Dead Battery,Forgotten Passwords,Wrong Orders,Noise Disturbance,Delayed Plans,Messy Spaces,Unexpected Interruptions]"
119,Things That Bring Comfort,"[Warm Blanket,Soft Pillow,Home Smell,Familiar Voice,Favorite Place,Childhood Memory,Pet Companionship,Hot Drink,Kind Words,Music,Dim Lighting,Personal Space]"
120,Invisible Systems Around Us,"[WiFi Signals,Electric Grid,Water Supply,Air Circulation,Supply Chains,Traffic Systems,Banking Networks,Cloud Storage,GPS Navigation,Postal System,Waste Management,Telecommunication]"
121,Things That Change Mood Quickly,"[Music,Weather,Lighting,Smell,Conversation,Food,Social Media,News,Environment,Crowd Energy,Colors,Memories]"
122,Common Human Routines,"[Waking Up,Brushing Teeth,Checking Phone,Eating Meals,Commuting,Working,Resting,Exercising,Socializing,Planning,Sleeping,Cleaning]"
123,Simple Acts of Kindness,"[Holding Door,Sharing Food,Giving Compliment,Helping Stranger,Listening Patiently,Offering Seat,Donating,Encouraging Words,Smiling,Checking In,Teaching,Supporting]"
124,Things That Create First Impressions,"[Appearance,Body Language,Tone of Voice,Eye Contact,Handshake,Clothing,Smile,Posture,Confidence,Timing,Attitude,Energy]"
125,Moments That Feel Longer Than They Are,"[Exam Time,Waiting Reply,Awkward Pause,Painful Experience,Slow Countdown,Traffic Wait,Speech Stage,Doctor Visit,Job Interview,Silence Gap,Loading Delay,Anticipation]"
126,Everyday Decisions,"[What to Eat,What to Wear,When to Sleep,Where to Go,How to Spend,Who to Talk To,What to Watch,When to Reply,What to Buy,How to Plan,What to Learn,When to Rest]"
127,Things That Spread Easily,"[Rumors,Ideas,Trends,Emotions,Viruses,Information,Gossip,Memes,Energy,Motivation,Habits,News]"
128,Subtle Signs of Change,"[New Habits,Shift in Tone,Less Communication,Different Routine,Changed Priorities,New Interests,Body Language Change,Energy Shift,Time Allocation,Focus Shift,Environment Change,Behavior Patterns]"
129,Things People Collect,"[Books,Coins,Stamps,Memories,Photos,Experiences,Clothes,Souvenirs,Ideas,Contacts,Music,Knowledge]"
130,Moments of Realization,"[Sudden Insight,Mistake Awareness,Truth Discovery,Pattern Recognition,Clarity Moment,Emotional Understanding,Learning Lesson,Perspective Shift,Self Awareness,Decision Clarity,Problem Solution,Meaning Discovery]"
131,Patterns of Human Attention,"[Scrolling Loops,Headline Skimming,Notification Checking,Short Form Addiction,Tab Switching,Background Listening,Selective Focus,Attention Drift,Information Overload,Curiosity Traps,Endless Feeds,Instant Gratification]"
132,Modern Time Distortions,"[Weekend Blur,Monday Effect,Deadline Rush,Late Night Spiral,Time Compression,Procrastination Stretch,Fast Forward Weeks,Slow Motion Stress,Memory Gaps,Routine Warp,Holiday Acceleration,Digital Time Sink]"
133,Collective Emotional Waves,"[Mass Panic,Group Excitement,Online Outrage,Trend Euphoria,Fear Spread,Hope Surges,Shared Grief,Public Hype,Cancel Waves,Collective Anxiety,Optimism Bursts,Emotional Contagion]"
134,Invisible Social Contracts,"[Read Receipts Expectations,Reply Timing Norms,Online Presence Pressure,Politeness Scripts,Reciprocal Liking,Unspoken Boundaries,Group Dynamics,Status Signaling,Silent Agreements,Mutual Avoidance,Digital Etiquette,Respect Signals]"
135,The Illusion of Choice,"[Too Many Options,Default Decisions,Algorithm Suggestions,Choice Paralysis,Influence Bias,Hidden Persuasion,Perceived Freedom,Guided Decisions,Brand Conditioning,Decision Fatigue,Preference Shaping,Subtle Nudging]"
136,Digital Echo Patterns,"[Echo Chambers,Reinforced Beliefs,Algorithm Loops,Repeated Content,Opinion Amplification,Selective Exposure,Filter Bubbles,Content Recycling,Trend Replication,Shared Narratives,Feedback Loops,Information Silos]"
137,Micro Moments of Identity,"[Profile Updates,Status Posts,Story Sharing,Opinion Expression,Personal Branding,Online Reactions,Avatar Choices,Content Curation,Self Presentation,Digital Footprints,Identity Signals,Social Validation]"
138,Cycles of Motivation,"[Initial Excitement,Early Effort,Midway Drop,Renewed Push,Burnout Phase,Recovery Period,Consistency Build,Plateau Effect,Progress Spurts,Goal Reset,Energy Fluctuation,Discipline Growth]"
139,The Paradox of Connectivity,"[Constant Contact,Emotional Distance,Superficial Interaction,Deep Isolation,Instant Messaging,Delayed Meaning,Virtual Presence,Physical Absence,Network Expansion,Attention Fragmentation,Connection Illusion,Silent Loneliness]"
140,Information Consumption Rituals,"[Morning News Check,Endless Scrolling,Podcast Listening,Video Binging,Headline Browsing,Notification Refreshing,Bookmark Saving,Late Night Reading,Trend Following,Content Sampling,Quick Searches,Passive Absorption]"
141,Subconscious Daily Calculations,"[Risk Assessment,Time Estimation,Social Judgement,Energy Allocation,Priority Sorting,Trust Evaluation,Effort Prediction,Outcome Guessing,Pattern Matching,Emotional Filtering,Value Weighing,Decision Shortcuts]"
142,The Rhythm of Urban Life,"[Rush Hour Flow,Night Slowdown,Weekend Shift,Crowd Surges,Quiet Corners,Traffic Pulses,Market Buzz,Work Cycles,Public Movement,City Breathing,Light Patterns,Sound Waves]"
143,Moments of Digital Disappearance,"[Offline Mode,No Signal Zones,Dead Battery,Silent Phones,Social Media Breaks,Account Deactivation,Notification Silence,Digital Detox,Lost Connection,Hidden Presence,Temporary Escape,Unreachable States]"
144,Subtle Power Structures,"[Influence Networks,Social Hierarchies,Information Control,Gatekeeping,Access Privilege,Decision Authority,Hidden Leadership,Soft Power,Status Dynamics,Group Influence,Resource Control,Unseen Authority]"
145,Human Pattern Recognition Instincts,"[Face Detection,Pattern Seeking,Meaning Making,Trend Spotting,Behavior Prediction,Symbol Interpretation,Connection Building,Anomaly Detection,Story Creation,Signal Extraction,Association Linking,Context Framing]"
146,Emotional Afterimages,"[Lingering Joy,Residual Anger,Fading Excitement,Emotional Echo,Memory Traces,Mood Carryover,Delayed Reactions,Unresolved Feelings,Subtle Sadness,Quiet Satisfaction,Energy Residue,Emotional Imprint]"
147,The Architecture of Habits,"[Cue Trigger,Routine Loop,Reward System,Repetition Cycle,Behavior Anchoring,Context Dependence,Automatic Actions,Habit Stacking,Breaking Patterns,Reinforcement Learning,Consistency Chains,Identity Linking]"
148,Perception vs Reality Gaps,"[Assumed Intentions,Misinterpretations,Expectation Bias,Reality Distortion,Selective Memory,False Narratives,Overthinking Patterns,Emotional Coloring,Perspective Limits,Judgement Errors,Cognitive Dissonance,Truth Filtering]"
149,Micro Tensions of Daily Life,"[Unread Messages,Pending Tasks,Unfinished Thoughts,Minor Conflicts,Time Pressure,Background Stress,Noise Irritation,Expectation Gaps,Small Delays,Subtle Discomforts,Mental Clutter,Emotional Friction]"
150,Moments That Quietly Shape Life,"[Chance Meetings,Small Decisions,Random Ideas,Passing Comments,Missed Opportunities,Brief Conversations,Tiny Risks,Unexpected Turns,Minor Choices,Hidden Influences,Silent Changes,Gradual Shifts]"
151,Things in a School Bag,"[Books,Notebooks,Pencil,Pen,Eraser,Sharpener,Ruler,Lunch Box,Water Bottle,Crayons,Glue,Scissors]"
152,Classroom Objects,"[Blackboard,Chalk,Duster,Desk,Chair,Projector,Notice Board,Marker,Clock,Bookshelf,Whiteboard,Map]"
153,Playground Activities,"[Running,Jumping,Sliding,Swinging,Climbing,Skipping,Throwing,Catching,Chasing,Racing,Hiding,Balancing]"
154,School Subjects,"[Math,Science,English,History,Geography,Art,Music,Physical Education,Computer,Language,Moral Science,General Knowledge]"
155,Things Teachers Say,"[Be Quiet,Listen Carefully,Open Your Books,Do Your Homework,Pay Attention,Stand Up,Sit Down,Write This,Any Questions,Good Job,Try Again,Time Is Up]"
156,Things Kids Draw,"[House,Sun,Tree,Mountain,River,Cloud,Rainbow,Flower,Stick Figures,Car,Animal,Star]"
157,Common School Rules,"[Raise Hand,Be On Time,Wear Uniform,No Running,Respect Others,Complete Homework,Keep Silence,Follow Instructions,No Cheating,Stay In Line,Be Kind,Keep Clean]"
158,Snacks Kids Love,"[Biscuits,Chips,Chocolate,Cake,Juice,Fruit,Candy,Sandwich,Noodles,Popcorn,Ice Cream,Cookies]"
159,Things That Make Kids Happy,"[Play Time,Holidays,Cartoons,Games,Toys,Friends,Surprises,Gifts,Funny Jokes,Field Trips,Birthdays,Free Time]"
160,Things Kids Share,"[Food,Toys,Pencils,Erasers,Stories,Secrets,Games,Books,Ideas,Snacks,Colors,Stickers]"
161,Common Mistakes Kids Make,"[Spelling Errors,Messy Writing,Forgetting Homework,Losing Items,Talking In Class,Running Indoors,Wrong Answers,Skipping Steps,Not Listening,Rushing Work,Spilling Things,Breaking Rules]"
162,After School Activities,"[Homework,Playing,Watching TV,Drawing,Reading,Sleeping,Helping Parents,Practicing Sports,Using Phone,Cycling,Chatting,Eating Snacks]"
163,Things in Nature Kids Notice,"[Butterfly,Bird,Flower,Ant,Rain,Snow,Sun,Moon,Stars,Leaves,Insects,Clouds]"
164,Simple Feelings Kids Have,"[Happy,Sad,Angry,Excited,Scared,Surprised,Shy,Curious,Proud,Jealous,Bored,Nervous]"
165,Things Kids Collect,"[Stickers,Toys,Coins,Shells,Leaves,Cards,Marbles,Stamps,Crayons,Comics,Figures,Buttons]"
166,Fun Classroom Moments,"[Laughing,Joking,Answering Questions,Group Work,Story Time,Singing,Clapping,Games,Competitions,Sharing Ideas,Acting,Presenting]"
167,Things That Need Cleaning,"[Hands,Shoes,Desk,Clothes,Bag,Water Bottle,Lunch Box,Room,Toys,Floor,Books,Board]"
168,Things That Make Noise,"[Bell,Drum,Clap,Whistle,Shout,Laugh,Door Slam,Footsteps,Vehicle Horn,Phone Ring,Music,Talking]"
169,Things Kids Wait For,"[Recess,Lunch Break,School End,Birthdays,Holidays,Results,Games Time,Teacher Arrival,Bus Ride,Weekend,New Toys,Cartoons]"
170,Things Kids Learn Early,"[Alphabet,Numbers,Colors,Shapes,Days of Week,Months,Simple Words,Counting,Drawing,Good Manners,Sharing,Listening]"
171,Things Teenagers Worry About,"[Exams,Grades,Future,Career Choices,Peer Pressure,Appearance,Social Media,Friendships,Relationships,Expectations,Failure,Judgement]"
172,Daily Teen Habits,"[Scrolling,Chatting,Listening to Music,Studying,Procrastinating,Gaming,Watching Videos,Snacking,Texting,Daydreaming,Multi Tasking,Late Sleeping]"
173,Things That Feel Awkward,"[Public Speaking,Eye Contact,Silence in Conversation,Meeting New People,Compliments,Apologizing,Group Photos,Small Talk,Asking Questions,Being Watched,Voice Cracks,Misunderstandings]"
174,Things Teenagers Enjoy,"[Music,Movies,Series,Gaming,Hanging Out,Traveling,Food,Memes,Shopping,Sports,Photography,Exploring]"
175,Common Teen Conversations,"[Crush Talks,Future Plans,School Gossip,Trending Topics,Life Problems,Friend Drama,Exams,Teachers,Weekend Plans,Online Trends,Random Thoughts,Dreams]"
176,Things That Build Identity,"[Fashion Style,Music Taste,Opinions,Hobbies,Social Circles,Online Presence,Values,Goals,Role Models,Experiences,Choices,Interests]"
177,Moments of Overthinking,"[Late Night Thoughts,Text Replies,Past Mistakes,Future Scenarios,Conversations Replay,What If Situations,Social Interactions,Decisions,Missed Chances,Self Doubt,Judgements,Expectations]"
178,Things That Boost Confidence,"[Compliments,Achievements,Good Outfits,Supportive Friends,Success Moments,Recognition,Skills Improvement,Positive Feedback,Winning,Self Expression,Independence,Progress]"
179,Things That Drain Energy,"[Arguments,Negativity,Overthinking,Social Pressure,Exams,Deadlines,Comparison,Lack of Sleep,Too Much Screen Time,Toxic People,Stress,Noise]"
180,Teen Social Signals,"[Seen Zone,Typing Pause,Reply Speed,Emoji Use,Online Status,Story Views,Like Counts,Message Length,Tone Shift,Ignore Patterns,Follow Back,Reaction Timing]"
181,Things That Feel Like Freedom,"[Late Night Chats,Going Out,No Rules,Traveling Alone,Own Decisions,Privacy,Music in Headphones,Exploring Places,Driving,Road Trips,Independence,Self Choice]"
182,Things That Cause Stress,"[Exams,Deadlines,Expectations,Comparison,Uncertainty,Rejection,Arguments,Time Pressure,Performance,Future Planning,Responsibilities,Social Image]"
183,Things Teens Hide,"[Feelings,Fears,Crushes,Insecurities,Mistakes,Thoughts,Opinions,Struggles,Plans,Secrets,Doubts,Failures]"
184,Things That Feel Important,"[Friendships,Love,Reputation,Goals,Dreams,Achievements,Social Status,Independence,Recognition,Freedom,Identity,Success]"
185,Digital Life Moments,"[Posting Stories,Deleting Messages,Editing Photos,Checking Likes,Scrolling Feeds,Watching Reels,Typing and Deleting,Online Gaming,Profile Updates,Sharing Memes,Video Calls,Streaming]"
186,Things That Change Quickly,"[Mood,Trends,Friend Circles,Opinions,Plans,Interests,Style,Energy,Confidence,Priorities,Decisions,Feelings]"
187,Things Teens Compare,"[Looks,Grades,Likes,Followers,Lifestyle,Clothes,Skills,Popularity,Success,Opportunities,Achievements,Confidence]"
188,Small Wins That Matter,"[Finishing Homework,Good Marks,Learning Something New,Helping Someone,Completing Tasks,Staying Consistent,Speaking Up,Trying Again,Being Brave,Solving Problems,Keeping Promises,Improving Skills]"
189,Things That Feel Confusing,"[Feelings,Relationships,Future Choices,Advice,Expectations,Opinions,Identity,Decisions,Signals,Intentions,Rules,Priorities]"
190,Moments That Shape Teen Years,"[First Crush,First Failure,New Friendship,Big Decision,Personal Realization,Standing Up,Letting Go,Trying Something New,Learning Lessons,Overcoming Fear,Finding Passion,Self Discovery]"
191,Kerala Festivals,"[Onam,Vishu,Thrissur Pooram,Attukal Pongala,Eid,Christmas,Sabarimala Season,Temple Festivals,Boat Festivals,Theyam Festivals,Navaratri,Ramzan]"
192,Kerala Foods,"[Sadya,Appam,Puttu,Idiyappam,Dosa,Kerala Parotta,Fish Curry,Avial,Thoran,Sambar,Payasam,Banana Chips]"
193,Kerala Rivers,"[Periyar,Bharathapuzha,Pamba,Chaliyar,Kabini,Kallada,Achankovil,Valapattanam,Neyyar,Chalakudy,Kuttiyadi,Meenachil]"
194,Kerala Tourist Places,"[Munnar,Alappuzha,Thekkady,Wayanad,Kovalam,Varkala,Athirappilly,Kumarakom,Marari Beach,Bekal Fort,Poovar,Silent Valley]"
195,Malayalam Movies Classics,"[Manichitrathazhu,Kireedam,Devasuram,Spadikam,Godfather,In Harihar Nagar,Chithram,Vanaprastham,Amaram,Thoovanathumbikal,Bharatham,Dasharatham]"
196,Malayalam Actors,"[Mohanlal,Mammootty,Dulquer Salmaan,Prithviraj Sukumaran,Fahadh Faasil,Nivin Pauly,Tovino Thomas,Asif Ali,Suresh Gopi,Jayaram,Dileep,Indrajith Sukumaran]"
197,Kerala Art Forms,"[Kathakali,Mohiniyattam,Theyyam,Ottamthullal,Koodiyattam,Chakyar Koothu,Thiruvathira,Oppana,Margamkali,Padayani,Krishnanattam,Kolkali]"
198,Kerala Temples,"[Sabarimala,Guruvayur Temple,Padmanabhaswamy Temple,Attukal Temple,Chottanikkara Temple,Vaikom Temple,Ettumanoor Temple,Ambalappuzha Temple,Parassinikkadavu Temple,Kadampuzha Temple,Thirunelli Temple,Mannarasala Temple]"
199,Kerala Backwaters & Waterways,"[Alleppey Backwaters,Kumarakom Backwaters,Ashtamudi Lake,Vembanad Lake,Kuttanad,Poovar Backwaters,Canals,Houseboats,Chinese Fishing Nets,Estuaries,Lagoons,Bridges]"
200,Kerala Occupations,"[Fishing,Farming,Coir Making,Spice Cultivation,Handloom,Teaching,Gulf Jobs,Ayurveda Practice,Tourism,Boat Driving,Toddy Tapping,Small Businesses]"
201,Kerala Weather & Nature,"[Monsoon,Rainfall,Humidity,Greenery,Coconut Trees,Paddy Fields,Hills,Waterfalls,Beaches,Forests,Backwaters,Wildlife]"
202,Kerala Slang & Words,"[Machane,Chetto,Chechi,Aliya,Poli,Sadhanam,Scene,Set Alle,Athu Sheri,Ayyo,Entha,Okke]"
203,Kerala Street Scenes,"[Tea Shops,Bus Stands,Auto Rickshaws,Roadside Vendors,School Uniforms,Political Posters,Flex Boards,Small Bridges,Crowded Junctions,Temple Bells,Evening Walks,Local Markets]"
204,Kerala Drinks,"[Chaya,Kaapi,Tender Coconut,Sharjah Shake,Buttermilk,Sulaimani,Fresh Juice,Sarbath,Milk Shake,Herbal Drinks,Black Tea,Coffee]"
205,Kerala Literature,"[Kumaran Asan,Vallathol Narayana Menon,Thakazhi Sivasankara Pillai,M T Vasudevan Nair,O V Vijayan,Basheer,Sugathakumari,Arundhati Roy,Malayalam Poetry,Short Stories,Novels,Essays]"
206,Kerala Transportation,"[KSRTC Bus,Auto Rickshaw,Private Bus,Train,Ferry,Boat,Taxi,Scooter,Bike,Cycle,Jeep,Walking]"
207,Kerala Celebrations at Home,"[Onam Sadya,Vishu Kani,Christmas Star,Eid Food,Wedding Functions,Birthdays,Housewarming,Temple Visits,Family Gatherings,Evening Snacks,Lighting Lamps,Prayer Time]"
208,Kerala Education Culture,"[Tuition Classes,Entrance Coaching,School Exams,Rank Lists,PTA Meetings,Assignments,Projects,Group Study,Online Classes,Competitive Exams,Results Day,Study Pressure]"
209,Kerala Daily Life Moments,"[Morning Newspaper,Evening Chaya,Rain Watching,Power Cuts,Bus Waiting,Market Visits,Temple Sounds,TV Serials,Family Talks,Night Walks,Mobile Usage,Relaxing Time]"
210,Kerala Icons & Symbols,"[Coconut,Elephant,Boat Race,Kathakali Face,Nilavilakku,Kasavu Saree,Mundu,Spices,Backwaters,Houseboat,Paddy Fields,Palm Trees]"
211,Indian Festivals,"[Diwali,Holi,Eid,Christmas,Navratri,Durga Puja,Raksha Bandhan,Pongal,Baisakhi,Onam,Ganesh Chaturthi,Makar Sankranti]"
212,Indian Foods,"[Biryani,Chapati,Rice,Dal,Curry,Samosa,Dosa,Idli,Paneer,Butter Chicken,Chole Bhature,Pani Puri]"
213,Indian States & Regions,"[Kerala,Tamil Nadu,Karnataka,Maharashtra,Gujarat,Punjab,Rajasthan,Uttar Pradesh,Bihar,West Bengal,Assam,Jammu and Kashmir]"
214,Indian Rivers,"[Ganga,Yamuna,Brahmaputra,Narmada,Godavari,Krishna,Kaveri,Sutlej,Beas,Ravi,Mahanadi,Tapti]"
215,Indian Freedom Movement,"[Non Cooperation Movement,Civil Disobedience Movement,Quit India Movement,Dandi March,Jallianwala Bagh,Swadeshi Movement,Revolt of 1857,Simon Commission,Boycott Movements,Round Table Conferences,Partition of India,Azad Hind Movement]"
216,Indian Leaders,"[Mahatma Gandhi,Jawaharlal Nehru,Sardar Patel,Subhas Chandra Bose,B R Ambedkar,Indira Gandhi,APJ Abdul Kalam,Rajendra Prasad,Lal Bahadur Shastri,Atal Bihari Vajpayee,Narendra Modi,Sarojini Naidu]"
217,Indian Languages,"[Hindi,English,Tamil,Telugu,Malayalam,Kannada,Bengali,Marathi,Gujarati,Punjabi,Urdu,Odia]"
218,Indian Monuments,"[Taj Mahal,Red Fort,Qutub Minar,India Gate,Gateway of India,Charminar,Meenakshi Temple,Konark Sun Temple,Hawa Mahal,Lotus Temple,Ajanta Caves,Ellora Caves]"
219,Indian Transport,"[Train,Bus,Auto Rickshaw,Rickshaw,Metro,Taxi,Bike,Scooter,Flight,Boat,Cycle,Truck]"
220,Indian Daily Life,"[Morning Tea,Newspaper Reading,Temple Visits,Office Work,School Routine,Traffic,Street Food,Family Time,Shopping,TV Watching,Mobile Usage,Evening Walk]"
221,Indian Street Food,"[Pani Puri,Vada Pav,Pav Bhaji,Chaat,Samosa,Jalebi,Dhokla,Kachori,Momos,Rolls,Bhel Puri,Aloo Tikki]"
222,Indian Cinema,"[Bollywood,Tollywood,Kollywood,Mollywood,Sandalwood,Biopics,Masala Films,Romance,Action,Drama,Comedy,Music]"
223,Indian Clothing,"[Saree,Salwar Kameez,Lehenga,Kurta,Pyjama,Sherwani,Dhoti,Mundu,Dupatta,Blouse,Turban,Jeans]"
224,Indian Weather & Seasons,"[Summer,Monsoon,Winter,Spring,Autumn,Heatwave,Rainfall,Humidity,Fog,Thunderstorm,Cold Wave,Climate Change]"
225,Indian Education System,"[Schools,Colleges,Universities,Exams,Board Exams,Entrance Exams,Coaching Classes,Results,Degrees,Online Learning,Assignments,Rankings]"
226,Indian Economy & Work,"[Agriculture,IT Sector,Manufacturing,Small Businesses,Startups,Government Jobs,Private Jobs,Freelancing,Daily Wages,Trade,Exports,Imports]"
227,Indian Culture & Traditions,"[Joint Family,Respect Elders,Touching Feet,Arranged Marriage,Festivals,Rituals,Customs,Languages,Food Diversity,Dance,Music,Art]"
228,Indian Sports,"[Cricket,Hockey,Football,Badminton,Kabaddi,Wrestling,Chess,Athletics,Boxing,Tennis,Shooting,Table Tennis]"
229,Indian Markets & Shopping,"[Local Markets,Malls,Street Vendors,Bargaining,Online Shopping,Festive Sales,Clothing Stores,Grocery Shops,Jewellery Shops,Electronics Stores,Handicrafts,Weekly Markets]"
230,Indian Symbols & Identity,"[National Flag,Ashoka Chakra,National Anthem,Tiger,Peacock,Lotus,Elephant,Yoga,Spices,Diversity,Unity,Heritage]"
231,Hospital Departments,"[Emergency,ICU,OPD,Radiology,Cardiology,Neurology,Orthopedics,Pediatrics,Oncology,Dermatology,Gynecology,ENT,General Surgery]"
232,Common Medical Symptoms,"[Fever,Cough,Headache,Fatigue,Pain,Nausea,Dizziness,Shortness of Breath,Sore Throat,Chest Pain,Cold,Sweating]"
233,Medical Equipment,"[Stethoscope,Thermometer,Blood Pressure Monitor,Syringe,Scalpel,ECG Machine,X Ray Machine,Ultrasound Machine,Defibrillator,Oxygen Cylinder,Gloves,Mask]"
234,Hospital Staff Roles,"[Doctor,Nurse,Surgeon,Pharmacist,Technician,Receptionist,Paramedic,Therapist,Attendant,Lab Assistant,Radiologist,Anesthesiologist]"
235,Types of Doctors,"[General Physician,Cardiologist,Neurologist,Orthopedic,Pediatrician,Dermatologist,Psychiatrist,Surgeon,Oncologist,Gynecologist,Dentist,Ophthalmologist]"
236,Common Medical Tests,"[Blood Test,Urine Test,X Ray,CT Scan,MRI Scan,ECG,Ultrasound,Biopsy,Allergy Test,Glucose Test,Lipid Profile,Thyroid Test]"
237,Hospital Rooms & Areas,"[Ward,ICU Room,Operation Theatre,Waiting Area,Pharmacy,Reception,Consultation Room,Lab,Emergency Room,Recovery Room,Isolation Ward,NICU]"
238,Medical Procedures,"[Surgery,Injection,Stitching,Dressing,Transfusion,Intubation,CPR,Anesthesia,Screening,Diagnosis,Monitoring,Rehabilitation]"
239,Patient Emotions,"[Anxiety,Fear,Hope,Relief,Confusion,Stress,Trust,Gratitude,Frustration,Pain,Uncertainty,Comfort]"
240,Common Diseases,"[Diabetes,Hypertension,Asthma,Flu,Infection,Cancer,Arthritis,Heart Disease,Stroke,Allergy,Tuberculosis,Anemia]"
241,Medicines & Treatments,"[Antibiotics,Painkillers,Vaccines,Insulin,Antiseptics,IV Fluids,Tablets,Syrups,Ointments,Inhalers,Supplements,Antivirals]"
242,Hospital Sounds,"[Monitor Beep,Ambulance Siren,Footsteps,Announcements,Machine Noise,Patient Calls,Door Opening,Wheel Movement,Typing,Talking,Alarm Sound,Equipment Clicks]"
243,Daily Doctor Tasks,"[Patient Consultation,Diagnosis,Prescribing Medicines,Reviewing Reports,Monitoring Patients,Performing Procedures,Writing Notes,Attending Rounds,Emergency Care,Coordinating Staff,Explaining Conditions,Follow Ups]"
244,Emergency Situations,"[Heart Attack,Accident,Stroke,Breathing Failure,Severe Bleeding,Burns,Poisoning,Seizures,Allergic Reaction,Cardiac Arrest,Trauma,Shock]"
245,Preventive Healthcare,"[Vaccination,Regular Checkups,Healthy Diet,Exercise,Hygiene,Screening Tests,Stress Management,Sleep,Hydration,Early Detection,Health Awareness,Lifestyle Changes]"
246,Medical Documents,"[Prescription,Medical Report,Discharge Summary,Lab Results,Scan Reports,Case Sheet,Consent Form,Insurance Papers,Referral Letter,Medical Certificate,Bills,Records]"
247,Doctor Patient Interaction,"[Listening Symptoms,Asking Questions,Explaining Diagnosis,Giving Advice,Providing Reassurance,Discussing Risks,Answering Doubts,Building Trust,Maintaining Confidentiality,Showing Empathy,Encouraging Compliance,Follow Up Planning]"
248,Hospital Challenges,"[Overcrowding,Long Hours,Stress,Emergency Pressure,Limited Resources,Patient Load,Critical Decisions,Emotional Strain,Time Constraints,Burnout,Risk Management,Communication Gaps]"
249,Signs of Recovery,"[Reduced Pain,Normal Temperature,Improved Appetite,Better Sleep,Stable Vitals,Healing Wounds,Increased Energy,Clear Reports,Normal Breathing,Improved Mobility,Positive Mood,Discharge Readiness]"
250,Healthcare Ethics,"[Patient Confidentiality,Informed Consent,Do No Harm,Equality of Care,Professional Integrity,Respect for Patients,Honesty,Accountability,Compassion,Ethical Decisions,Patient Rights,Transparency]"
251,Global Sports,"[Football,Cricket,Basketball,Tennis,Hockey,Baseball,Rugby,Golf,Volleyball,Badminton,Formula 1,Boxing]"
252,Major Sporting Events,"[Olympics,FIFA World Cup,Cricket World Cup,Wimbledon,Super Bowl,UEFA Champions League,Asian Games,Commonwealth Games,Copa America,Roland Garros,US Open,The Ashes]"
253,Sports Positions & Roles,"[Striker,Goalkeeper,Defender,Midfielder,Batsman,Bowler,Wicketkeeper,All Rounder,Point Guard,Center,Forward,Coach]"
254,Common Fan Emotions,"[Excitement,Nervousness,Joy,Disappointment,Hope,Tension,Pride,Frustration,Anticipation,Relief,Passion,Loyalty]"
255,Sports Equipment,"[Ball,Bat,Racket,Helmet,Gloves,Shoes,Net,Goalpost,Shin Guards,Protective Pads,Uniform,Whistle]"
256,Match Moments,"[Kickoff,Goal,Last Minute Winner,Penalty,Free Kick,Half Time,Full Time,Tie Break,Overtime,Powerplay,Knockout,Final Whistle]"
257,Fitness Activities,"[Running,Jogging,Swimming,Cycling,Weightlifting,Stretching,Yoga,Skipping,Training,Drills,Warm Up,Cool Down]"
258,Types of Fans,"[Die Hard Fans,Casual Viewers,Analysts,Supporters,Critics,Bandwagon Fans,Local Fans,Global Fans,Online Fans,Stadium Fans,Silent Watchers,Emotional Fans]"
259,Training Elements,"[Strength,Endurance,Speed,Agility,Flexibility,Coordination,Balance,Technique,Strategy,Discipline,Recovery,Consistency]"
260,Sports Venues,"[Stadium,Arena,Court,Field,Track,Ground,Ring,Pool,Gym,Pitch,Hall,Training Center]"
261,Game Strategies,"[Attack,Defense,Counter Attack,Pressing,Zonal Marking,Man Marking,Fast Break,Possession Play,Rotation,Substitution,Time Management,Set Pieces]"
262,Referee Decisions,"[Foul,Penalty,Offside,Yellow Card,Red Card,Free Throw,No Ball,Wide Ball,Out,Review,VAR Decision,Timeout]"
263,Legendary Athletes,"[Pelé,Diego Maradona,Lionel Messi,Cristiano Ronaldo,Sachin Tendulkar,Michael Jordan,Serena Williams,Usain Bolt,Roger Federer,Rafael Nadal,Novak Djokovic,Muhammad Ali]"
264,Sports Rivalries,"[Man Utd vs Man City,El Clasico,India vs Pakistan,Ashes Rivalry,Yankees vs Red Sox,Barcelona vs Real Madrid,Celtics vs Lakers,Federer vs Nadal,Ronaldo vs Messi]"
265,World History,"[Renaissance,Industrial Revolution,Cold War,World War I,World War II,French Revolution,Independence Movement,Ancient Civilizations,Feudalism,Colonization,Empire,Reformation]"
266,Basic Science Concepts,"[Gravity,Photosynthesis,Evaporation,Condensation,Force,Energy,Motion,Atom,Molecule,Magnetism,Electricity,Inertia]"
267,Environmental Awareness,"[Climate Change,Global Warming,Recycling,Conservation,Deforestation,Pollution,Biodiversity,Ecosystem,Renewable Energy,Sustainability,Carbon Footprint,Wildlife Protection]"
268,Human Body,"[Heart,Brain,Lungs,Liver,Kidney,Bones,Muscles,Nervous System,Digestive System,Circulatory System,Respiration,Immunity]"
269,Mathematical Operations,"[Addition,Subtraction,Multiplication,Division,Fractions,Decimals,Percentage,Ratio,Algebra,Equation,Inequality,Exponent]"
270,Important Inventions,"[Wheel,Printing Press,Telephone,Electric Bulb,Computer,Internet,Steam Engine,Airplane,Television,Smartphone,Battery,Satellite]"
271,Geography Basics,"[Continent,Ocean,Mountain,River,Desert,Plateau,Valley,Island,Peninsula,Glacier,Climate,Latitude]"
272,Language Skills,"[Noun,Verb,Adjective,Adverb,Pronoun,Tense,Sentence,Paragraph,Grammar,Spelling,Comprehension,Essay]"
273,Civic Knowledge,"[Democracy,Constitution,Government,Election,Parliament,Law,Rights,Duties,Citizenship,Justice,Equality,Freedom]"
274,Space and Astronomy,"[Planet,Star,Galaxy,Universe,Orbit,Asteroid,Comet,Black Hole,Satellite,Constellation,Eclipse,Gravity]"
275,Famous Landmarks,"[Pyramids,Eiffel Tower,Great Wall,Taj Mahal,Statue of Liberty,Colosseum,Big Ben,Machu Picchu,Petra,Angkor Wat,Christ the Redeemer,Burj Khalifa]"
276,Natural Disasters,"[Earthquake,Flood,Cyclone,Tornado,Volcano,Wildfire,Drought,Tsunami,Landslide,Avalanche,Storm,Heatwave]"
277,Health and Hygiene,"[Cleanliness,Handwashing,Nutrition,Exercise,First Aid,Hydration,Vaccination,Sanitation,Balanced Diet,Personal Hygiene,Disease Prevention,Sleep]"
278,Computer Basics,"[Hardware,Software,Keyboard,Mouse,Monitor,CPU,Internet,File,Folder,Program,Application,Data]"
279,Art and Creativity,"[Drawing,Painting,Sculpture,Music,Dance,Theatre,Poetry,Design,Color,Sketch,Creativity,Imagination]"
280,Everyday Safety,"[Traffic Rules,Fire Safety,Emergency,First Aid Kit,Helmet,Seatbelt,Warning Signs,Safe Crossing,Stranger Danger,Disaster Preparedness,Evacuation,Alertness]"
281,Economics Basics,"[Money,Trade,Market,Budget,Saving,Spending,Income,Expense,Banking,Investment,Supply,Demand]"
282,Communication Skills,"[Listening,Speaking,Reading,Writing,Conversation,Presentation,Body Language,Confidence,Clarity,Expression,Feedback,Discussion]"
283,Cultural Awareness,"[Tradition,Festival,Language,Customs,Heritage,Diversity,Religion,Clothing,Cuisine,Dance,Music,Values]"
284,Daily Life Skills,"[Time Management,Planning,Decision Making,Problem Solving,Responsibility,Teamwork,Leadership,Organization,Adaptability,Discipline,Goal Setting,Focus]"
285,Cooking Techniques,"[Boiling,Steaming,Frying,Sautéing,Roasting,Grilling,Baking,Blanching,Braising,Poaching,Simmering,Caramelizing]"
286,Kitchen Equipment,"[Knife,Chopping Board,Pan,Pot,Oven,Stove,Grater,Whisk,Spatula,Blender,Peeler,Measuring Cup]"
287,Essential Ingredients,"[Salt,Sugar,Flour,Rice,Oil,Butter,Milk,Eggs,Spices,Herbs,Vinegar,Soy Sauce]"
288,Flavor Profiles,"[Sweet,Sour,Salty,Bitter,Umami,Spicy,Smoky,Rich,Creamy,Tangy,Zesty,Earthy]"
289,World Cuisines,"[Italian,Chinese,Indian,Mexican,Thai,Japanese,French,Greek,Spanish,Lebanese,Korean,Turkish]"
290,Cooking Methods by Heat,"[Dry Heat,Moist Heat,High Heat,Low Heat,Direct Heat,Indirect Heat,Open Flame,Pressure Cooking,Slow Cooking,Deep Frying,Air Frying,Smoking]"
291,Food Preparation Actions,"[Chop,Slice,Dice,Mince,Grate,Peel,Marinate,Mix,Whisk,Knead,Blend,Season]"
292,Kitchen Safety,"[Hygiene,Sanitization,Knife Safety,Fire Safety,Food Storage,Cross Contamination,Temperature Control,Hand Washing,Proper Handling,Allergen Awareness,Expiry Check,Cleaning]"
293,Menu Components,"[Appetizer,Starter,Main Course,Dessert,Soup,Salad,Side Dish,Beverage,Sauce,Garnish,Snack,Platter]"
294,Culinary Herbs and Spices,"[Basil,Oregano,Thyme,Rosemary,Parsley,Cumin,Coriander,Turmeric,Paprika,Black Pepper,Cardamom,Cinnamon]"
295,Food Science Basics,"[Fermentation,Caramelization,Emulsification,Denaturation,Oxidation,Gluten Formation,Maillard Reaction,Hydration,Binding,Thickening,Reduction,Infusion]"
296,Food Presentation,"[Plating,Garnishing,Color Balance,Texture Contrast,Portioning,Arrangement,Styling,Symmetry,Minimalism,Layering,Visual Appeal,Finishing Touch]"
297,Baking Essentials,"[Yeast,Sourdough,Batter,Dough,Rising,Proofing,Glazing,Leavening,Pastry,Cake Mix,Preheating,Decoration]"
298,Cooking Measurements,"[Teaspoon,Tablespoon,Cup,Gram,Kilogram,Milliliter,Liter,Pinch,Dash,Ounce,Pound,Temperature]"
299,Restaurant Operations,"[Order Taking,Kitchen Workflow,Food Service,Inventory,Costing,Menu Planning,Customer Service,Reservation,Delivery,Quality Control,Staffing,Turnover]"
300,Cosmology Fundamentals,"[Big Bang,Dark Matter,Dark Energy,Expansion of Universe,Cosmic Microwave Background,Redshift,Hubble Constant,Inflation Theory,Observable Universe,Large Scale Structure,Galaxy Formation,Primordial Nucleosynthesis]"
301,Stellar Evolution Stages,"[Protostar,Main Sequence,Red Giant,White Dwarf,Supernova,Neutron Star,Black Hole,Brown Dwarf,Nebula,Stellar Remnant,Hydrogen Fusion,Helium Burning]"
302,Astronomical Instruments,"[Optical Telescope,Radio Telescope,Space Telescope,Spectrometer,Photometer,Interferometer,CCD Sensor,Gravitational Wave Detector,Coronagraph,Adaptive Optics,Space Probe,Radiometer]"
303,Celestial Objects,"[Planet,Star,Galaxy,Nebula,Comet,Asteroid,Moon,Quasar,Pulsar,Exoplanet,Supercluster,Black Hole]"
304,Space-Time Physics,"[Spacetime,General Relativity,Curvature,Time Dilation,Gravitational Lensing,Event Horizon,Geodesic,Frame Dragging,Relativistic Mass,Equivalence Principle,Wormhole,Metric Tensor]"
305,Astrophysical Phenomena,"[Solar Flare,Supernova Explosion,Gamma Ray Burst,Accretion Disk,Stellar Wind,Nova,Magnetic Reconnection,Plasma Jets,Shock Waves,Coronal Mass Ejection,Tidal Disruption,Interstellar Shock]"
306,Orbital Mechanics,"[Orbit,Elliptical Orbit,Escape Velocity,Kepler Laws,Orbital Resonance,Perihelion,Aphelion,Inclination,Eccentricity,Orbital Decay,Hohmann Transfer,Lagrange Points]"
307,Particle Astrophysics,"[Neutrino,Cosmic Rays,Photon,Quark,Gluon,Boson,Higgs Boson,Dark Matter Candidate,WIMP,Antimatter,Muon,Tau Particle]"
308,Space Exploration Missions,"[Apollo Program,Voyager Mission,Hubble Telescope,James Webb Telescope,Mars Rover,International Space Station,Artemis Program,Cassini Mission,New Horizons,Galileo Mission,SpaceX Starship,Chandrayaan Mission]"
309,Football Positions,"[Goalkeeper,Center Back,Full Back,Wing Back,Defensive Midfielder,Central Midfielder,Attacking Midfielder,Winger,Striker,Second Striker,False Nine,Sweeper]"
310,Match Events,"[Kickoff,Goal,Assist,Penalty,Free Kick,Corner Kick,Throw-in,Offside,Foul,Yellow Card,Red Card,Extra Time]"
311,Skills and Techniques,"[Dribbling,Passing,Shooting,Heading,Tackling,Volley,Chip Shot,Crossing,First Touch,Marking,Pressing,Feint]"
312,Football Formations,"[4-4-2,4-3-3,3-5-2,4-2-3-1,5-3-2,3-4-3,4-1-4-1,4-5-1,3-6-1,2-3-5,False Nine System,High Press System]"
313,Famous Tournaments,"[FIFA World Cup,UEFA Champions League,UEFA Euro,Copa America,Africa Cup of Nations,Asian Cup,Premier League,La Liga,Serie A,Bundesliga,Ligue 1,Club World Cup]"
314,Football Equipment,"[Football,Boots,Shin Guards,Goalposts,Gloves,Jersey,Shorts,Socks,Whistle,Referee Cards,Training Cones,Goal Net]"
315,Refereeing Terms,"[Advantage,VAR,Offside Rule,Indirect Free Kick,Direct Free Kick,Handball,Foul Play,Simulation,Booking,Time Wasting,Stoppage Time,Disciplinary Action]"
316,Famous Football Skills,"[Step Over,Rabona,Bicycle Kick,Knuckle Shot,Roulette,Elastico,Cruyff Turn,No-Look Pass,Heel Flick,Scorpion Kick,Fake Shot,Body Feint]"
317,Football Strategy Concepts,"[Counter Attack,Possession Play,High Press,Low Block,Zonal Marking,Man Marking,Transition Play,Build Up Play,Overlapping Run,Through Ball,Space Creation,Compact Defense]"
318,Stadium and Match Environment,"[Stadium,Pitch,Halfway Line,Penalty Box,Corner Flag,Stands,Home Crowd,Away Crowd,Pitch Conditions,Turf,VAR Room,Dressing Room]"
319,Football Awards,"[Ballon d'Or,Golden Boot,Golden Glove,Best Player Award,Player of the Tournament,Man of the Match,FIFA The Best Award,Top Scorer Award,Best Young Player,Team of the Year,Fair Play Award,Golden Ball]"
320,Legendary Football Roles,"[Playmaker,Box-to-Box Midfielder,Target Man,Winger Playmaker,Deep Lying Playmaker,Libero,Complete Forward,Poacher,Anchor Man,Trequartista,Wide Midfielder,Shadow Striker]"
321,General Knowledge Foundations,"[Fact,Theory,Hypothesis,Law,Principle,Definition,Example,Exception,Observation,Inference,Data,Conclusion]"
322,Time & Life Concepts,"[Past,Present,Future,Age,Era,Decade,Century,Timeline,Duration,Instant,Sequence,Chronology]"
323,Human Emotions & States,"[Happiness,Sadness,Anger,Fear,Surprise,Disgust,Calm,Anxiety,Excitement,Confusion,Empathy,Confidence]"
324,Communication & Language Tools,"[Sentence,Paragraph,Question,Answer,Dialogue,Monologue,Metaphor,Simile,Proverb,Idiom,Grammar,Tone]"
325,Common Logical Errors,"[Assumption,Bias,Fallacy,Overgeneralization,Stereotype,CircularReasoning,FalseDilemma,AppealToAuthority,Correlation,Causation,Neglect,JumpToConclusion]"
326,Science Process Skills,"[Experiment,Control,Variable,Measurement,Prediction,Result,Analysis,Replication,Model,Observation,Test,Conclusion]"
327,Digital & Internet Literacy,"[Algorithm,SearchEngine,Website,App,Password,Privacy,Scam,Spam,Cookie,Cloud,Upload,Download]"
328,Civic & Social Awareness,"[Rights,Responsibility,Laws,Government,Voting,Constitution,Justice,Equality,LawEnforcement,PublicPolicy,Citizen,Democracy]"
329,Money & Financial Basics,"[Income,Expense,Savings,Budget,Profit,Loss,Investment,Loan,Interest,Tax,Debt,Transaction]"
330,Health & Body Awareness,"[Nutrition,Hygiene,Exercise,Immunity,Symptom,Disease,Vaccine,Rest,Hydration,Heartbeat,Breathing,Stress]"
331,Historical Thinking Tools,"[Cause,Effect,Revolution,Discovery,Empire,Civilization,Artifact,Chronicle,Migration,War,Peace,Treaty]"
332,Geography Beyond Maps,"[Continent,Ocean,Climate,Latitude,Longitude,Elevation,Plateau,Valley,Desert,River,Mountain,Island]"
333,Decision Making & Thinking Skills,"[Choice,Option,Priority,Tradeoff,Risk,Reward,Strategy,Plan,Outcome,Logic,Evaluation,Judgment]"
334,Abstract Concepts Often Missed,"[Pattern,System,Structure,Change,Stability,Randomness,Order,Complexity,Scale,Perspective,Relationship,Constraint]"
335,Media & Information Awareness,"[News,Headline,Source,Opinion,FactCheck,Propaganda,Editorial,Credibility,Verification,Trend,Virality,Context]"
336,Problem Solving Approaches,"[Define,Breakdown,Analyze,Compare,Estimate,Test,Iterate,Optimize,Simplify,Generalize,Debug,Solve]"
337,Systems Thinking,"[System,Input,Output,Feedback,Loop,Network,Interdependence,Structure,Function,Adaptation,Stability,Emergence]"
338,Cause & Effect Chains,"[Trigger,Impact,Consequence,ChainReaction,RootCause,ImmediateEffect,LongTermEffect,Correlation,Causality,Amplification,Reduction,Outcome]"
339,Uncertainty & Probability Thinking,"[Chance,Probability,Randomness,Risk,Prediction,Estimate,Range,Distribution,Uncertainty,Variance,Possibility,Confidence]"
340,Attention & Focus Concepts,"[Attention,Distraction,Focus,Concentration,Awareness,Priority,Multitasking,Overload,SelectiveAttention,Engagement,Interrupt,Flow]"
341,Memory & Learning Processes,"[Encoding,Storage,Recall,Forgetting,Practice,Repetition,Retention,Understanding,Association,Chunking,Review,LearningCurve]"
342,Ethics & Moral Reasoning,"[Right,Wrong,Fairness,Justice,Responsibility,Integrity,Honesty,Empathy,Dilemma,Choice,Principle,Consequences]"
343,Energy in Everyday Life,"[Energy,Power,Work,Heat,Light,Electricity,Fuel,Consumption,Efficiency,Renewable,Transfer,Loss]"
344,Natural Cycles & Patterns,"[Cycle,Season,Day,Night,LifeCycle,WaterCycle,CarbonCycle,Growth,Decay,Bloom,Migration,Renewal]"
345,Hidden Math Thinking,"[Quantity,Pattern,Ratio,Proportion,Scale,Estimate,Logic,Sequence,Symmetry,Function,Variable,Relationship]"
346,Perception & Reality,"[Perception,Reality,Illusion,Belief,Interpretation,Sense,Observation,Perspective,Distortion,Awareness,Experience,Filter]"
347,Communication Breakdown Points,"[Misunderstanding,Ambiguity,Noise,Clarity,Assumption,Context,Interpretation,Signal,Message,Distortion,Intent,Reception]"
348,Social Interaction Dynamics,"[Group,Role,Influence,PeerPressure,Cooperation,Competition,Trust,Conflict,Leadership,Followership,Norm,Behavior]"
349,Infrastructure & Hidden Systems,"[Road,Bridge,Pipeline,Network,Utility,SupplyChain,Transport,Maintenance,Design,Capacity,Load,Service]"
350,Information & Signals,"[Signal,Data,Noise,Code,Pattern,Transmission,Encryption,Decryption,Frequency,Message,System,Channel]"
351,Decision Pressure Factors,"[Time,Stress,Deadline,Constraint,Pressure,Tradeoff,Priority,Outcome,Risk,Reward,Limitation,Choice]"
352,Human Behavior Patterns,"[Habit,Impulse,Routine,Reaction,Motivation,Reward,Learning,Adaptation,Emotion,Decision,Behavior,Trigger]"
353,Scientific Measurement Ideas,"[Unit,Accuracy,Precision,Scale,Calibration,Error,Experiment,Observation,Metric,Standard,Reading,Measurement]"
354,Change & Transformation,"[Change,Transformation,Evolution,Development,Shift,Transition,Growth,Decline,Reform,Adjustment,Progress,Collapse]"
355,Everyday Hidden Constraints,"[Limit,Boundary,Rule,Restriction,Capacity,Condition,Requirement,Barrier,Constraint,Availability,Access,Permission]"
356,Knowledge Building Blocks,"[Concept,Idea,Principle,Fact,Theory,Model,Framework,Structure,Category,Classification,Understanding,Insight]"
357,Meta-Learning Skills,"[Learn,Unlearn,Relearn,Strategy,Method,Approach,Reflection,Practice,Feedback,Improvement,Adaptation,Awareness]"
358,Reality of Systems Failure,"[Failure,Breakdown,Error,Bug,Crash,Leak,Overload,WeakPoint,Collapse,Malfunction,Instability,Fault]"
359,Human Needs Hierarchy,"[Need,Survival,Safety,Belonging,Esteem,Growth,Food,Shelter,Connection,Recognition,Purpose,Security]"
360,Abstract Thinking Tools,"[Abstraction,Generalization,Analogy,Modeling,Simplification,Representation,Symbol,Concept,Mapping,Framework,Interpretation,Structure]
361,Futuristic Technology,"[Robotics,Autonomous Cars,Virtual Reality,Augmented Reality,3D Printing,Drones,Smart Homes,Space Tech,Nanotechnology,Quantum Computing,Brain Computer Interface,Smart Devices]
362,Overlooked Daily Details,"[Left vs Right confusion,Time misreading,Double meanings in words,Skipping steps in instructions,Forgetting units in answers,Ignoring punctuation impact,Assuming instead of checking,Overestimating memory,Underestimating small errors,Missing negatives in math,Reading without understanding,Overlooking context clues]"
363,Common Misconceptions,"[Lightning never strikes twice,Heavier objects fall faster,We only use 10 percent of brain,Cracking knuckles causes arthritis,Shaving makes hair grow thicker,Goldfish have three second memory,Great Wall visible from space,Humans evolved from monkeys,Cold weather causes flu,All bacteria are harmful,Cracking eggs in middle is correct only way,Math is only about numbers]"
364,Critical Thinking Skills,"[Fact vs Opinion detection,Source checking,Bias recognition,Pattern spotting,Logical reasoning,Questioning assumptions,Comparing alternatives,Identifying fallacies,Drawing conclusions,Evaluating evidence,Breaking down problems,Testing predictions]"
365,Observation Skills,"[Noticing small changes,Reading body language,Spotting inconsistencies,Detecting missing objects,Observing patterns in nature,Tracking sequences,Noticing tone changes,Identifying repeated behavior,Seeing details in diagrams,Recognizing visual cues,Detecting errors in text,Spotting hidden information]"
366,Time Awareness Concepts,"[Estimation of duration,Time zone differences,Past vs present vs future sequencing,Punctuality importance,Time management planning,Deadline tracking,Elapsed time calculation,Daily routine structuring,Long-term vs short-term thinking,Seasonal changes,Historical timelines,Event scheduling logic]"
367,Measurement & Estimation Errors,"[Guessing length without tools,Confusing mass and weight,Incorrect unit conversion,Overestimating distance,Underestimating volume,Temperature misreading,Time interval confusion,Scale misunderstanding,Precision vs accuracy confusion,Measurement rounding mistakes,Ignoring measurement units,Scale drawing errors]"
368,Digital Literacy Basics,"[Password safety,Clickbait recognition,Fake news detection,App permission awareness,Online privacy basics,Safe downloading habits,Understanding cookies,Search engine usage,Email etiquette,Cloud storage awareness,Scam message detection,Digital footprint awareness]"
369,Health & Body Signals,"[Dehydration signs,Fatigue recognition,Stress indicators,Hunger vs thirst confusion,Sleep cycle importance,Heart rate awareness,Breathing patterns,Posture effects,Vision strain signals,Healthy diet balance,Exercise recovery signals,Body temperature changes]"
370,Financial Basics for Students,"[Saving vs spending,Needs vs wants,Budget planning,Simple interest understanding,Price comparison,Value for money,Impulse buying awareness,Allowance management,Digital payments basics,Cost vs benefit thinking,Debt awareness,Goal-based saving]"
371,Communication Phrases & Cues,"[Asking clarifying questions,Polite disagreement,Active listening signals,Paraphrasing others,Non-verbal cues,Respectful tone usage,Interrupting awareness,Group discussion etiquette,Expressing uncertainty,Providing feedback,Requesting help properly,Summarizing conversations]"
372,Scientific Thinking Habits,"[Hypothesis formation,Experiment control variables,Observation recording,Data interpretation,Repeatability importance,Prediction testing,Cause vs correlation,Measurement accuracy,Evidence-based reasoning,Error analysis,Model building,Conclusion validation]"
373,Environmental Awareness,"[Recycling categories,Energy saving habits,Water conservation,Pollution sources,Climate change basics,Plant vs animal ecosystems,Food chain awareness,Deforestation impact,Plastic waste effects,Carbon footprint idea,Renewable energy types,Local biodiversity recognition]"
374,Social Behavior Awareness,"[Respecting personal space,Understanding peer pressure,Group dynamics awareness,Empathy recognition,Conflict resolution basics,Inclusive behavior,Sharing responsibility,Leadership vs teamwork,Social boundaries,Trust building,Recognizing sarcasm,Handling disagreements]"
375,Study Habits & Learning Skills,"[Note-taking methods,Revision scheduling,Memory techniques,Focus improvement,Distraction control,Question practice,Concept mapping,Self-testing,Goal setting for study,Time-block learning,Active recall,Error correction learning]"
376,Geometry in Real Life,"[Building shapes,Floor tiling patterns,Bridge structures,Symmetry in nature,Angles in architecture,Measurement in construction,3D object visualization,Map scaling,Design patterns,Art composition shapes,Packaging design,Navigation geometry]"
377,Transport & Movement Logic,"[Traffic rules awareness,Route planning,Vehicle types comparison,Distance estimation,Speed vs time relation,Fuel efficiency idea,Public transport systems,Navigation signs,Direction understanding,Travel safety rules,Logistics basics,Commute optimization]"
378,Weather & Natural Phenomena,"[Rain formation,Cloud types,Wind direction,Storm warning signs,Season changes,Humidity effects,Lightning safety,Temperature variation,Monsoon patterns,Climate zones,Weather forecasting basics,Natural disaster awareness]"
379,Human Behavior Patterns,"[Habit formation,Decision making bias,Emotional triggers,Repetition behavior,Learning from mistakes,Social imitation,Attention span changes,Reward response,Stress reactions,Confidence fluctuations,Peer influence patterns,Memory recall habits]"
380,Problem Solving Strategies,"[Breaking down problems,Trial and error,Working backward,Finding patterns,Using diagrams,Elimination method,Logical sequencing,Step-by-step solving,Analogy thinking,Checking answers,Simplifying complexity,Reframing questions]"
381,Everyday Safety Awareness,"[Road crossing rules,Electrical safety basics,Fire safety steps,First aid awareness,Stranger danger awareness,Safe tool usage,Emergency contact knowledge,Kitchen safety rules,Water safety basics,Cyber safety habits,Sharp object handling,School safety drills]"
382,Language & Meaning Awareness,"[Homonyms confusion,Context meaning,Literal vs figurative speech,Idioms understanding,Sentence structure clues,Grammar impact on meaning,Word ambiguity,Translation differences,Tone interpretation,Spelling impact,Root word recognition,Prefix suffix meaning]"
383,Memory & Attention Skills,"[Short-term memory limits,Focus switching cost,Chunking information,Repetition techniques,Visualization memory,Association methods,Attention drift detection,Recall practice,Concentration building,Selective attention,Memory reinforcement,Distraction awareness]"
384,Technology Awareness Basics,"[Device functions,Software vs hardware,Internet connectivity,App ecosystems,Data storage types,Artificial intelligence basics,Automation awareness,Security updates importance,File formats understanding,Cloud computing idea,Smart devices usage,Tech troubleshooting basics]"
385,Ethics & Values Awareness,"[Honesty importance,Fairness in actions,Respect for others,Responsibility taking,Helping behavior,Rule following,Integrity in work,Equality awareness,Justice understanding,Kindness practice,Accountability habits,Trust building actions]"
386,Hidden Patterns in Numbers,"[Sequences recognition,Odd-even patterns,Multiples awareness,Prime number basics,Estimation shortcuts,Ratio understanding,Percentage intuition,Number symmetry,Arithmetic progressions,Word problems logic,Scaling numbers,Comparative magnitude]"
387,Maps & Spatial Thinking,"[Direction sense,North-South-East-West,Scale interpretation,Distance mapping,Symbol reading,Route tracing,Landmark identification,Grid understanding,Elevation awareness,Coordinate basics,Spatial visualization,Map legend usage]"
388,Human Body Everyday Functions,"[Digestion process basics,Respiration awareness,Blood circulation idea,Muscle movement coordination,Nervous system signals,Sense organs roles,Bone structure support,Immune response basics,Energy usage in body,Brain function awareness,Hydration role,Rest recovery importance]"
389,Decision Making Skills,"[Pros and cons analysis,Short vs long term impact,Risk evaluation,Priority setting,Alternative comparison,Outcome prediction,Resource consideration,Time constraint decisions,Emotional vs logical choice,Goal alignment,Information gathering,Reflective thinking]"
390,Life Skills Often Ignored,"[Listening carefully,Asking for help,Time punctuality,Personal organization,Cleanliness habits,Basic cooking awareness,Simple repairs,Emotional regulation,Adaptability skill,Financial awareness basics,Respectful disagreement,Self-discipline habits]
391,Science Fundamentals,"[Atom,Molecule,Energy,Force,Gravity,Magnetism,Photosynthesis,Evolution,Cell,Element,Compound,Reaction]"
392,World History Events,"[Renaissance,Industrial Revolution,World War I,World War II,Cold War,French Revolution,American Independence,Space Race,Great Depression,Ancient Egypt,Silk Road,Discovery of America]"
393,Daily Life Skills,"[Budgeting,Cooking,Cleaning,Time Management,Communication,Problem Solving,Decision Making,Teamwork,Self Discipline,Organization,Goal Setting,Emotional Control]"
394,Internet & Digital World,"[Browser,Search Engine,Website,App,Algorithm,Social Media,Cloud Storage,WiFi,Download,Upload,Cybersecurity,Password]"
395,Human Body Systems,"[Heart,Brain,Lungs,Stomach,Liver,Kidney,Nervous System,Skeletal System,Muscular System,Blood,Digestion,Respiration]"
396,Natural Disasters,"[Earthquake,Volcano,Tsunami,Hurricane,Tornado,Flood,Drought,Landslide,Avalanche,Wildfire,Storm Surge,Lightning]"
397,Communication & Language,"[Alphabet,Grammar,Sentence,Paragraph,Essay,Dialogue,Speech,Pronunciation,Translation,Synonym,Antonym,Metaphor]"
398,Mathematical Concepts,"[Addition,Subtraction,Multiplication,Division,Fraction,Decimal,Percentage,Ratio,Equation,Variable,Geometry,Statistics]"
399,Space & Universe,"[Planet,Star,Galaxy,Universe,Black Hole,Asteroid,Comet,Satellite,Orbit,Milky Way,Constellation,Astronaut]"
400,Civic Awareness & Society,"[Government,Constitution,Law,Citizen,Voting,Democracy,Rights,Responsibilities,Justice,Education,Healthcare,Public Services]"
401,Environment & Nature Care,"[Recycling,Pollution,Deforestation,Sustainability,Conservation,Renewable Energy,Climate Change,Ecosystem,Biodiversity,Green Energy,Water Cycle,Soil]"
402,Emotions & Mindset,"[Happiness,Sadness,Anger,Fear,Confidence,Curiosity,Empathy,Gratitude,Stress,Resilience,Motivation,Patience]"
403,Technology Tools,"[Computer,Keyboard,Mouse,Printer,Scanner,Processor,Memory,Software,Hardware,Database,Robot,Artificial Intelligence]"
404,Arts & Creativity,"[Painting,Drawing,Sculpture,Music,Dance,Theatre,Photography,Design,Craft,Poetry,Storytelling,Film]"
405,Health & Wellness,"[Exercise,Nutrition,Hydration,Sleep,Meditation,Yoga,Immunity,Vitamins,First Aid,Hygiene,Wellbeing,Balance]
406,Computer Basics,"[Hardware,Software,Operating System,CPU,RAM,Storage,File,Folder,Desktop,Icon,Monitor,Keyboard,Mouse]"
407,Internet Basics,"[Browser,Website,URL,Search Engine,Link,Homepage,Download,Upload,WiFi,Online,Offline,Tab,History]"
408,Coding Fundamentals,"[Program,Code,Algorithm,Loop,Condition,Variable,Function,Debugging,Compiler,Syntax,Input,Output]"
409,Digital Safety,"[Password,Privacy,Cyberbullying,Phishing,Firewall,Encryption,Scam,Two-Factor Authentication,Secure Login,Data Protection,Safe Browsing,Spam]"
410,Artificial Intelligence Basics,"[Machine Learning,Data,Model,Training,Prediction,Chatbot,Neural Network,Automation,Pattern Recognition,Robotics,AI Ethics,Voice Assistant]"
411,Mobile Technology,"[Smartphone,App,Touchscreen,Notifications,Settings,Camera,Bluetooth,GPS,Sensor,Operating System,Update,Mobile Data]"
412,Cloud Computing,"[Cloud Storage,Server,Internet Backup,Google Drive,OneDrive,Sync,Remote Access,Data Center,Virtual Machine,Hosting,Upload,Download]"
413,Networking Basics,"[Router,Modem,IP Address,LAN,WiFi Network,Bandwidth,Server,Client,Packet,Signal,Connection,Firewall]"
414,Digital Media Tools,"[Image Editing,Video Editing,Audio Recording,Graphics,Animation,Rendering,Format,Resolution,Frame Rate,Filter,Export,Timeline]"
415,Bioluminescent Organisms,"[Firefly,Anglerfish,Foxfire,Comb Jelly,Dinoflagellates,Glowworm,Crystal Jelly,Vampire Squid,Honey Mushroom,Clusterwink Snail,Railroad Worm,Cookiecutter Shark]"
416,Desert Landforms,"[Dune,Yardang,Playas,Wadi,Inselsberg,Hamada,Ventifact,Bajada,Arroyo,Erg,Mesa,Butte]"
417,Heraldry Terms,"[Blazon,Charge,Tincture,Chevron,Crest,Supporter,Mantle,Fess,Quartering,Escutcheon,Dexter,Sinister]"
418,Prehistoric Megafauna,"[Mammoth,Megalodon,Glyptodon,Smilodon,Megatherium,Paraceratherium,Dunkleosteus,Diprotodon,Short-faced Bear,Irish Elk,Woolly Rhino,Terror Bird]"
419,Impossible Colors,"[Stygian Blue,Self-Luminous Green,Hyperbolic Orange,Forbidden Red,Chimerical Cyan,Super-Magenta,Fluorescent Grey,Deep Carbon,Ethereal Gold,Void Black,Prismatic Silver,Neon Shadow]"
420,Architectural Columns,"[Doric,Ionic,Corinthian,Tuscan,Composite,Solomonic,Caryatid,Atlas,Rusticated,Engaged,Fluted,Paired]"
421,Ancient Writing Systems,"[Cuneiform,Hieroglyphics,Linear B,Ogham,Phoenician,Old Italic,Maya Script,Runic,Brahmi,Oracle Bone,Glagoletic,Merotic]"
422,Cloud Species & Varieties,"[Lenticularis,Castellanus,Fibratus,Uncinus,Spissatus,Lacunosus,Radiatus,Duplicatus,Undulatus,Vertebratus,Opacus,Perlucidus]"
423,Medieval Siege Engines,"[Trebuchet,Ballista,Mangonel,Battering Ram,Siege Tower,Onager,Springald,Catapult,Petrary,Corvus,Sambuca,Petard]"
424,Victorian Slang,"[Afternoonified,Bang up to the Elephant,Butter upon Bacon,Chuckaboo,Don't Sell a Garden,Gadzooks,Muffin-Worry,Skilamalink,Suggestive Booby,Toby,Upper Benjamin,Zounds]"
425,Rare Atmospheric Phenomena,"[Ball Lightning,Green Flash,Saint Elmo's Fire,Sun Dog,Light Pillar,Sprites,Blue Jet,Moonbow,Brocken Spectre,Belt of Venus,Ashen Light,Fata Morgana]"
426,Island Nations,"[Mauritius,Vanuatu,Kiribati,Comoros,Seychelles,Palau,Tonga,Cape Verde,Maldives,Tuvalu,Nauru,Grenada]"
427,Obsolete Occupations,"[Knocker-up,Lector,Ice Cutter,Link-boy,Mudlark,Phrenologist,Rat Catcher,Resurrectionist,Switchboard Operator,Town Crier,Crossing Sweeper,Groom of the Stole]"
428,Mycology,"[Lion's Mane,Fly Agaric,Death Cap,Morel,Chanterelle,Turkey Tail,Cordyceps,Puffball,Hen of the Woods,Artist's Conk,Destroying Angel,Shaggy Mane]"
429,Nautical Navigation Tools,"[Astrolabe,Sextant,Quadrant,Octant,Cross-staff,Chronometer,Compass,Lead Line,Backstaff,Nocturnal,Kamal,Traverse Board]"
430,Japanese Zen Terms,"[Satori,Kensho,Zazen,Koan,Mushin,Samadhi,Enso,Shikantaza,Wabi-sabi,Yugen,Mono no aware,Kintsugi]"
431,Chess Openings,"[Sicilian Defense,Ruy Lopez,French Defense,Caro-Kann,King's Gambit,Queens Gambit,English Opening,Reti Opening,Nimzo-Indian,Grünfeld,London System,Scandinavian Defense]"
432,Classic Cocktail Glassware,"[Coupe,Nick and Nora,Highball,Collins,Rocks Glass,Glencairn,Hurricane,Martini,Margarita,Cordial,Snifter,Copper Mug]"
433,Typography Terms,"[Kerning,Leading,Ascender,Descender,Serif,Ligature,Bowl,Counter,Spine,Terminal,X-height,Baseline]"
434,Extreme Environments,"[Hydrothermal Vent,Antarctic Dry Valleys,Atacama Desert,Mariana Trench,Mount Everest Summit,Dead Sea,Danakil Depression,Lake Vostok,Challenger Deep,Oymyakon,Lut Desert,Snake Island]"
435,Philosophical Paradoxes,"[Ship of Theseus,Grandfather Paradox,Zeno's Arrow,Barber Paradox,Sorites Paradox,Liar Paradox,Newcomb's Paradox,Bootstrap Paradox,Fermi Paradox,Banach-Tarski,Unexpected Hanging,Buridan's Ass]"
436,Forgotten Spices,"[Long Pepper,Grains of Paradise,Asafoetida,Mahlab,Amchur,Sumac,Cubeb,Wattle Seed,Ajwain,Annatto,Galangal,Mace]"
437,Logic Gates,"[AND,OR,NOT,NAND,NOR,XOR,XNOR,Buffer,Inverter,Tri-state,Transmission,Majority]"
438,Renaissance Painters,"[Botticelli,Caravaggio,Raphael,Titian,Tintoretto,Veronese,Bellini,Giorgione,Ghirlandaio,Correggio,Perugino,Masaccio]"
439,Constellations,"[Cassiopeia,Orion,Ursa Major,Cygnus,Andromeda,Lyra,Scorpius,Pleiades,Boötes,Draco,Aquila,Pegasus]"
440,Mythological Rivers,"[Styx,Lethe,Acheron,Phlegethon,Cocytus,Saraswati,Eridanos,Oceanus,Ganges,Jordan,Vaitarani,Hubur]"
441,Coffee Brewing Methods,"[Aeropress,French Press,V60,Chemex,Moka Pot,Siphon,Cold Brew,Turkish,Espresso,Percolator,Phin,Ibrik]"
442,Types of Bridges,"[Suspension,Arch,Cantilever,Cable-stayed,Truss,Beam,Tied-arch,Pontoon,Bascule,Moon,Viaduct,Clapper]"
443,Extinct Languages,"[Sanskrit,Latin,Akkadian,Gothic,Sumerian,Ancient Greek,Tocharian,Etruscan,Dalmatian,Old Norse,Pali,Coptic]"
444,Deep Sea Creatures,"[Giant Isopod,Dumbo Octopus,Barreleye Fish,Frilled Shark,Hatchetfish,Stargazer,Siphonophore,Sea Pig,Tripod Fish,Black Swallower,Gulper Eel,Blobfish]"
445,Cheese Styles,"[Roquefort,Camembert,Gouda,Manchego,Taleggio,Havarti,Paneer,Pecorino,Gruyere,Burrata,Halloumi,Gorgonzola]"
446,Boutique Fabrics,"[Jacquard,Tweed,Chiffon,Organza,Damask,Seersucker,Gingham,Herringbone,Velveteen,Bouclé,Tulle,Lamé]"
447,Space Exploration Missions,"[Voyager 1,Cassini-Huygens,New Horizons,Juno,Rosetta,Galileo,Pioneer 10,Sojourner,Perseverance,Huygens,Viking 1,Parker Solar Probe]"
448,Herbs of the Levant,"[Za'atar,Sumac,Marjoram,Parsley,Mint,Coriander,Thyme,Sage,Oregano,Dill,Borage,Lovage]"
449,Mathematical Constants,"[Pi,Euler's Number,Golden Ratio,Square Root of Two,Imaginary Unit,Feigenbaum,Apéry,Meissel-Mertens,Gelfond,Khinchin,Conway,Plastic Constant]"
450,Traditional Martial Arts,"[Kalaripayattu,Hapkido,Capoeira,Muay Thai,Silat,Krabi-Krabong,Savate,Lethwei,Sambo,Aikido,Iaido,Krav Maga]"
451,Rare Gemstones,"[Painite,Alexandrite,Benitoite,Musgravite,Taaffeite,Red Beryl,Black Opal,Grandidierite,Jeremejevite,Poudretteite,Larimar,Tanzanite]"
452,Styles of Poetry,"[Haiku,Sonnets,Villanelle,Limerick,Ode,Elegy,Pantoum,Sestina,Ghazal,Tanka,Ballad,Blank Verse]"
453,Coding Paradigms,"[Imperative,Declarative,Functional,Object-Oriented,Logic,Procedural,Event-Driven,Aspect-Oriented,Concurrent,Reactive,Data-Driven,Generic]"
454,Historical Codes & Ciphers,"[Caesar Cipher,Enigma,Vigenère,Playfair,Bacon's Cipher,Scytale,Atbash,Pigpen,Running Key,Hill Cipher,Book Cipher,Grille Cipher]"
455,Perfume Notes,"[Bergamot,Vetiver,Oud,Ambergris,Patchouli,Neroli,Sandalwood,Ylang-Ylang,Oakmoss,Civet,Benzoin,Frankincense]"
456,Volcanic Features,"[Caldera,Magma Chamber,Fumarole,Pyroclastic Flow,Lahar,Tephra,Shield Volcano,Stratovolcano,Cinder Cone,Pahoehoe,Aa,Lava Tube]"
457,Literary Devices,"[Alliteration,Hyperbole,Oxymoron,Synecdoche,Metonymy,Onomatopoeia,Anaphora,Irony,Euphemism,Paradox,Allegory,Juxtaposition]"
458,Rare Ferns,"[Staghorn,Bird's Nest,Maidenhair,Silver Lady,Cinnamon Fern,Ostrich Fern,Tree Fern,Delta Maidenhair,Hart's Tongue,Holly Fern,Autumn Fern,Licorice Fern]"
459,Types of Knots,"[Bowline,Clove Hitch,Square Knot,Sheet Bend,Figure Eight,Sheepshank,Taut-line,Reef Knot,Fisherman's Knot,Constrictor,Prusik,Monkey's Fist]"
460,Ancient Cities,"[Uruk,Mohenjo-daro,Thebes,Babylon,Carthage,Petra,Persepolis,Troy,Knossos,Tikal,Angkor Wat,Palmyra]"
461,Geological Epochs,"[Holocene,Pleistocene,Pliocene,Miocene,Oligocene,Eocene,Paleocene,Cretaceous,Jurassic,Triassic,Permian,Carboniferous]"
462,Japanese Tea Ceremony Tools,"[Chawan,Chasen,Chashaku,Natsume,Kama,Hishaku,Kensui,Futaoki,Chakin,Kobukusa,Sensu,Kaishi]"
463,Types of Swords,"[Katana,Rapier,Scimitar,Claymore,Gladius,Zweihänder,Sabre,Xiphos,Falchion,Shamshir,Kopis,Urumi]"
464,Art Movements,"[Impressionism,Surrealism,Bauhaus,Art Deco,Cubism,Fauvism,Dada,Expressionism,Minimalism,Futurism,Rococo,Baroque]"
465,Baking Ingredients,"[Yeast,Cream of Tartar,Baking Soda,Xanthan Gum,Bread Flour,Molasses,Star Anise,Vanilla Bean,Shortening,Buttermilk,Cocoa Powder,Almond Flour]"
466,Famous Librarians,"[Callimachus,Laozi,Casanova,Melvil Dewey,Jorge Luis Borges,Benjamin Franklin,Mao Zedong,David Hume,Lewis Carroll,S.R. Ranganathan,Hypatia,Philip Larkin]"
467,Physics Particles,"[Quark,Lepton,Boson,Gluon,Muon,Neutrino,Tau,Photon,Higgs,Graviton,Hadron,Meson]"
468,Styles of Pasta,"[Orecchiette,Pappardelle,Tagliatelle,Campanelle,Gemelli,Radiatori,Cavatappi,Conchiglie,Mafaldine,Fettuccine,Rigatoni,Bucatini]"
469,Human Bones,"[Femur,Tibia,Fibula,Humerus,Radius,Ulna,Scapula,Clavicle,Sternum,Patella,Stapes,Mandible]"
470,Musical Dynamics,"[Pianissimo,Piano,Mezzo-piano,Mezzo-forte,Forte,Fortissimo,Crescendo,Decrescendo,Sforzando,Diminuendo,Marcato,Legato]"
471,Tea Varieties,"[Sencha,Matcha,Oolong,Pu-erh,Darjeeling,Assam,Earl Grey,Lapsang Souchong,Silver Needle,Genmaicha,Keemun,Gunpowder]"
472,West African Instruments,"[Kora,Djembe,Talking Drum,Balafon,Shekere,Ngoni,Kalimba,Udu,Bolon,Ekwe,Sakara,Griot]"
473,Types of Apples,"[Honeycrisp,Granny Smith,Gala,Fuji,Pink Lady,Braeburn,McIntosh,Empire,Golden Delicious,Cortland,Jonagold,Winesap]"
474,Classical Elements,"[Earth,Water,Air,Fire,Aether,Wood,Metal,Void,Spirit,Sulfur,Mercury,Salt]"
475,Moon Phases,"[New Moon,Waxing Crescent,First Quarter,Waxing Gibbous,Full Moon,Waning Gibbous,Third Quarter,Waning Crescent,Blue Moon,Blood Moon,Supermoon,Harvest Moon]"
476,Insects of Note,"[Preying Mantis,Atlas Moth,Cicada,Hercules Beetle,Dragonfly,Stag Beetle,Honeybee,Monarch Butterfly,Leaf Insect,Firefly,Luna Moth,Scarab]"
477,Modern Sculpture Materials,"[Resin,Steel,Fiberglass,Concrete,Neon,Found Objects,Bronze,Aluminum,Alabaster,Carbon Fiber,Polymer Clay,Textiles]"
478,Chess Pieces (Regional Variants),"[Rook,Bishop,Knight,Pawn,Queen,King,Chancellor,Archbishop,General,Elephant,Chariot,Cannon]"
479,Psychological Biases,"[Confirmation Bias,Anchor Bias,Dunning-Kruger,Hindsight Bias,Availability Heuristic,Self-Serving Bias,Halo Effect,Framing Effect,Sunk Cost Fallacy,In-group Bias,Optimism Bias,Loss Aversion]"
480,Currencies,"[Yen,Euro,Rupee,Dollar,Pound,Franc,Zloty,Real,Baht,Rand,Won,Lira]"
481,Ship Parts,"[Hull,Mast,Keel,Bow,Stern,Port,Starboard,Rigging,Deck,Galley,Helm,Anchor]"
482,Human Muscles,"[Biceps,Triceps,Quadriceps,Gluteus Maximus,Latissimus Dorsi,Pectoralis Major,Trapezius,Deltoids,Abdominals,Gastrocnemius,Sartorius,Masseter]"
483,Celestial Bodies,"[Star,Planet,Moon,Asteroid,Comet,Nebula,Pulsar,Quasar,Black Hole,Exoplanet,White Dwarf,Red Giant]"
484,Kitchen Utensils,"[Whisk,Spatula,Ladle,Tongs,Mandrake,Peeler,Zester,Colander,Rolling Pin,Mortar and Pestle,Sieve,Skimmer]"
485,Weather Instruments,"[Barometer,Anemometer,Hygrometer,Thermometer,Rain Gauge,Wind Vane,Pyranometer,Ceilometer,Stevenson Screen,Radiosonde,Disdrometer,Transmissometer]"
486,Fabric Patterns,"[Polka Dot,Paisley,Houndstooth,Chevron,Floral,Plaid,Stripes,Argyle,Toile,Damask,Ikat,Batik]"
487,Geographic Coordinates,"[Latitude,Longitude,Equator,Prime Meridian,Tropic of Cancer,Tropic of Capricorn,Arctic Circle,Antarctic Circle,North Pole,South Pole,International Date Line,Zenith]"
488,Card Games,"[Poker,Bridge,Solitaire,Blackjack,Rummy,Hearts,Spades,Go Fish,Crazy Eights,War,Baccarat,Canasta]"
489,Dances,"[Waltz,Tango,Salsa,Ballet,Hip Hop,Flamenco,Tap,Contemporary,Jazz,Breakdance,Swing,Cha-Cha]"
490,Types of Buildings,"[Skyscraper,Cottage,Bungalow,Mansion,Castle,Palace,Barn,Factory,Library,Museum,Hospital,School]"
491,Metamorphic Rocks,"[Slate,Marble,Quartzite,Schist,Gneiss,Anthracite,Phyllite,Soapstone,Skarn,Mylonite,Eclogite,Migmatite]"
492,Human Senses,"[Sight,Hearing,Smell,Taste,Touch,Proprioception,Thermoception,Equilibrioception,Nociception,Interoception,Magnetoception,Chroniception]"
493,Parts of a Flower,"[Petal,Sepal,Stamen,Anther,Filament,Pistil,Stigma,Style,Ovary,Ovule,Receptacle,Pedicel]"
494,Musical Intervals,"[Unison,Minor Second,Major Second,Minor Third,Major Third,Perfect Fourth,Tritone,Perfect Fifth,Minor Sixth,Major Sixth,Minor Seventh,Octave]"
495,Layers of the Atmosphere,"[Troposphere,Stratosphere,Mesosphere,Thermosphere,Exosphere,Ionosphere,Ozone Layer,Magnetosphere,Pausestrat,Tropopause,Mesopause,Thermopause]"
496,Types of Wood,"[Oak,Maple,Pine,Cedar,Mahogany,Teak,Walnut,Cherry,Birch,Ash,Poplar,Redwood]"
497,Major Oceans,"[Pacific,Atlantic,Indian,Southern,Arctic]"
498,Phobias,"[Arachnophobia,Acrophobia,Claustrophobia,Agoraphobia,Cynophobia,Ophidiophobia,Trypophobia,Social Phobia,Astraphobia,Aerophobia,Mysophobia,Nomophobia]"
499,Computer Programming Languages,"[Python,Java,C++,JavaScript,Ruby,Swift,Go,Rust,Kotlin,PHP,TypeScript,Scala]"
500,Famous Scientists,"[Newton,Einstein,Curie,Darwin,Galileo,Hawking,Tesla,Mendeleev,Pasteur,Bohr,Franklin,Turing]"
501,Human Organs,"[Heart,Lungs,Liver,Kidneys,Brain,Stomach,Pancreas,Spleen,Intestines,Bladder,Skin,Gallbladder]"
502,Types of Trees,"[Oak,Maple,Pine,Cedar,Birch,Willow,Spruce,Fir,Elm,Ash,Poplar,Redwood]"
503,Common Spices,"[Salt,Pepper,Cinnamon,Cumin,Turmeric,Paprika,Ginger,Garlic,Onion Powder,Nutmeg,Cloves,Cardamom]"
504,Sports Equipment,"[Ball,Bat,Racket,Gloves,Helmet,Net,Goal,Puck,Stick,Club,Skates,Board]"
505,Types of Fruit,"[Apple,Banana,Orange,Strawberry,Grape,Watermelon,Pineapple,Mango,Blueberry,Peach,Pear,Cherry]"
506,Planets in our Solar System,"[Mercury,Venus,Earth,Mars,Jupiter,Saturn,Uranus,Neptune]"
507,Days of the Week,"[Monday,Tuesday,Wednesday,Thursday,Friday,Saturday,Sunday]"
508,Months of the Year,"[January,February,March,April,May,June,July,August,September,October,November,December]"
511,Chess Pieces,"[King,Queen,Rook,Bishop,Knight,Pawn]"
512,Continents,"[Africa,Antarctica,Asia,Europe,North America,Oceania,South America]"
513,Metals,"[Gold,Silver,Iron,Copper,Lead,Tin,Zinc,Aluminum,Platinum,Mercury,Nickel,Titanium]"
514,Shapes,"[Square,Circle,Triangle,Rectangle,Pentagon,Hexagon,Octagon,Oval,Star,Heart,Diamond,Trapezoid]"
515,Musical Instruments,"[Piano,Guitar,Violin,Drums,Flute,Trumpet,Saxophone,Cello,Harp,Clarinet,Trombone,Accordion]"
516,Insects,"[Ant,Bee,Butterfly,Fly,Mosquito,Beetle,Grasshopper,Cricket,Moth,Spider,Wasp,Dragonfly]"
517,Landmarks,"[Eiffel Tower,Statue of Liberty,Great Wall of China,Taj Mahal,Pyramids of Giza,Colosseum,Machu Picchu,Christ the Redeemer,Big Ben,Mount Everest,Grand Canyon,Great Barrier Reef]"
518,Emotions,"[Happiness,Sadness,Anger,Fear,Surprise,Disgust,Trust,Anticipation,Joy,Love,Envy,Shame]"
519,Natural Disasters,"[Earthquake,Flood,Hurricane,Tornado,Wildfire,Drought,Tsunami,Volcanic Eruption,Avalanche,Landslide,Heatwave,Blizzard]"
520,Body Parts,"[Head,Eyes,Nose,Mouth,Ears,Hands,Feet,Arms,Legs,Shoulders,Back,Stomach]"
521,Tools,"[Hammer,Screwdriver,Wrench,Pliers,Saw,Drill,Tape Measure,Level,Chisel,File,Sandpaper,Clamps]"
522,Electronic Devices,"[Smartphone,Laptop,Tablet,Camera,Television,Headphones,Smartwatch,Printer,Router,Game Console,Microphone,Speaker]"
523,Furniture Items,"[Chair,Table,Bed,Sofa,Desk,Wardrobe,Bookshelf,Dresser,Cabinet,Stool,Bench,Ottoman]"
524,Clothing Items,"[Shirt,Pants,Dress,Skirt,Jacket,Sweater,Socks,Shoes,Hat,Scarf,Gloves,Belt]"
525,Kitchen Appliances,"[Refrigerator,Oven,Microwave,Dishwasher,Toaster,Blender,Coffee Maker,Kettle,Mixer,Food Processor,Slow Cooker,Air Fryer]"
526,School Subjects,"[Mathematics,Science,English,History,Geography,Art,Music,Physical Education,Computer Science,Foreign Language,Biology,Chemistry]"
527,Types of Transportation,"[Car,Bus,Train,Bicycle,Airplane,Boat,Motorcycle,Scooter,Truck,Subway,Tram,Helicopter]"
528,Hobbies,"[Reading,Gardening,Painting,Cooking,Photography,Hiking,Cycling,Swimming,Dancing,Writing,Traveling,Collecting]"
529,Jobs and Professions,"[Doctor,Teacher,Engineer,Artist,Writer,Chef,Nurse,Police Officer,Firefighter,Lawyer,Scientist,Pilot]"
530,Types of Houses,"[Apartment,Cottage,Mansion,Bungalow,Duplex,Townhouse,Villa,Cabin,Houseboat,Treehouse,Tent,Igloo]"
531,Mythical Creatures,"[Dragon,Unicorn,Phoenix,Mermaid,Centaur,Griffin,Sphinx,Werewolf,Vampire,Ghost,Faerie,Troll]"
532,Weather Conditions,"[Sunny,Cloudy,Rainy,Snowy,Windy,Foggy,Stormy,Humid,Hot,Cold,Misty,Clear]"
533,Common Household Items,"[Clock,Mirror,Lamp,Rug,Curtains,Cushion,Vase,Picture Frame,Candle,Basket,Tray,Bowl]"
534,Stationery Items,"[Pen,Pencil,Paper,Notebook,Eraser,Ruler,Scissors,Glue,Stapler,Tape,Folder,Paperclip]"
535,Vegetables,"[Carrot,Broccoli,Potato,Tomato,Cucumber,Onion,Spinach,Peas,Corn,Bell Pepper,Cabbage,Lettuce]"
536,Flowers,"[Rose,Tulip,Lily,Sunflower,Daisy,Orchid,Carnation,Poppy,Lavender,Jasmine,Marigold,Hydrangea]"
537,Musical Genres,"[Classical,Jazz,Rock,Pop,Hip Hop,Blues,Country,Folk,Electronic,Reggae,Metal,Soul]"
538,Games and Activities,"[Chess,Cards,Board Games,Video Games,Puzzles,Drawing,Singing,Acting,Exercising,Meditation,Volunteering,Learning]"
539,Personal Care Items,"[Soap,Shampoo,Toothbrush,Toothpaste,Towel,Comb,Brush,Razor,Lotion,Deodorant,Sunscreen,Lip Balm]"
540,Types of Jewelry,"[Ring,Necklace,Earrings,Bracelet,Watch,Brooch,Anklet,Cufflinks,Tiara,Locket,Charm,Pendant]"
541,Precious Stones,"[Diamond,Ruby,Sapphire,Emerald,Pearl,Opal,Topaz,Amethyst,Turquoise,Jade,Amber,Lapis Lazuli]"
542,Celestial Objects,"[Sun,Moon,Star,Planet,Asteroid,Comet,Meteor,Galaxy,Nebula,Black Hole,Pulsar,Quasar]"
543,Types of Energy,"[Solar,Wind,Hydro,Nuclear,Geothermal,Kinetic,Potential,Chemical,Electrical,Thermal,Light,Sound]"
544,Human Achievements,"[Invention of the Wheel,Discovery of Fire,Development of Writing,Space Flight,Internet,Penicillin,Electricity,Steam Engine,Printing Press,Anesthesia,DNA Structure,Nuclear Power]"
545,Famous Composers,"[Bach,Beethoven,Mozart,Chopin,Tchaikovsky,Wagner,Verdi,Stravinsky,Debussy,Schubert,Vivaldi,Handel]"
546,Philosophers,"[Socrates,Plato,Aristotle,Descartes,Kant,Nietzsche,Confucius,Laozi,Locke,Hume,Mill,Sartre]"
547,Architecture Styles,"[Gothic,Renaissance,Baroque,Neoclassical,Art Nouveau,Modernist,Postmodernist,Brutalist,Victorian,Colonial,Islamic,Byzantine]"
548,Historical Figures,"[Leonardo da Vinci,Galileo Galilei,Isaac Newton,Albert Einstein,Marie Curie,Charles Darwin,Alexander the Great,Julius Caesar,Napoleon Bonaparte,George Washington,Abraham Lincoln,Mahatma Gandhi]"
549,Natural Wonders,"[Grand Canyon,Great Barrier Reef,Mount Everest,Victoria Falls,Northern Lights,Paricutin Volcano,Harbor of Rio de Janeiro,Niagara Falls,Galapagos Islands,Amazon Rainforest,Serengeti Migration,Dead Sea]"
550,Human Inventions,"[Light Bulb,Telephone,Automobile,Airplane,Radio,Television,Computer,Internet,Smartphone,Robot,Satellite,Microscope]"
551,Space Missions,"[Apollo 11,Voyager 1,Hubble Space Telescope,Mars Pathfinder,International Space Station,Curiosity Rover,New Horizons,Juno,Cassini-Huygens,Rosetta,Kepler,Parker Solar Probe]"
552,Technological Trends,"[Artificial Intelligence,Blockchain,Internet of Things,5G,Cloud Computing,Virtual Reality,Augmented Reality,Cybersecurity,Quantum Computing,Nanotechnology,Biotechnology,Renewable Energy]"
553,Environmental Issues,"[Climate Change,Pollution,Deforestation,Loss of Biodiversity,Water Scarcity,Overpopulation,Resource Depletion,Waste Management,Ocean Acidification,Ozone Depletion,Soil Erosion,Energy Consumption]"
554,Social Issues,"[Poverty,Inequality,Education,Healthcare,Justice,Equality,Human Rights,Peace,Conflict,Sustainability,Globalization,Diversity]"
555,Cultural Events,"[New Year,Chinese New Year,Diwali,Eid,Christmas,Hanukkah,Carnival,Holi,Easter,Thanksgiving,Oktoberfest,Dia de los Muertos]"
556,Traditional Arts,"[Calligraphy,Pottery,Weaving,Sculpture,Painting,Photography,Dance,Music,Theater,Literature,Architecture,Cinema]"
557,Personal Values,"[Honesty,Integrity,Respect,Responsibility,Compassion,Courage,Justice,Equality,Freedom,Peace,Sustainability,Excellence]"
558,Life Skills,"[Communication,Problem Solving,Critical Thinking,Creativity,Collaboration,Leadership,Time Management,Financial Literacy,Digital Literacy,Self-Awareness,Empathy,Resilience]"
559,Future Technologies,"[Space Colonization,Neural Interfaces,Personalized Medicine,Advanced Robotics,Sustainable Cities,Hyperloop,Flying Cars,Smart Materials,Energy Storage,Synthetic Biology,3D Printing,Asteroid Mining]"
560,Global Goals,"[No Poverty,Zero Hunger,Good Health and Well-being,Quality Education,Gender Equality,Clean Water and Sanitation,Affordable and Clean Energy,Decent Work and Economic Growth,Industry, Innovation and Infrastructure,Reduced Inequalities,Sustainable Cities and Communities,Responsible Consumption and Production]"
561,Types of Clouds,"[Cirrus,Stratus,Cumulus,Nimbus,Altostratus,Altocumulus,Cirrostratus,Cirrocumulus,Stratocumulus,Cumulonimbus,Nimbostratus,Contrail]"
562,Yoga Poses,"[Tadasana,Adho Mukha Svanasana,Virabhadrasana I,Virabhadrasana II,Vrikshasana,Trikonasana,Balasana,Savasana,Bhujangasana,Paschimottanasana,Setu Bandhasana,Matsyasana]"
563,Dog Breeds,"[Labrador Retriever,German Shepherd,Golden Retriever,French Bulldog,Bulldog,Poodle,Beagle,Rottweiler,German Shorthaired Pointer,Dachshund,Pembroke Welsh Corgi,Australian Shepherd]"
564,Cat Breeds,"[Persian,Maine Coon,Siamese,Bengal,Abyssinian,Ragdoll,Sphinx,Scottish Fold,British Shorthair,Russian Blue,Burmese,Norwegian Forest Cat]"
565,Bird Species,"[Eagle,Owl,Penguin,Parrot,Hummingbird,Swan,Flamingo,Woodpecker,Kingfisher,Peacock,Pigeon,Crow]"
566,Fish Species,"[Goldfish,Salmon,Tuna,Shark,Clownfish,Betta,Angelfish,Guppy,Piranha,Marlin,Cod,Trout]"
567,Reptile Species,"[Snake,Lizard,Turtle,Crocodile,Alligator,Chameleon,Iguana,Gecko,Tortoise,Komodo Dragon,Gila Monster,Monitor Lizard]"
568,Amphibian Species,"[Frog,Toad,Salamander,Newt,Caecilian,Bullfrog,Tree Frog,Dart Frog,Axolotl,Mudpuppy,Fire-bellied Toad,Spotted Salamander]"
569,Mammal Species,"[Elephant,Lion,Tiger,Bear,Giraffe,Zebra,Whale,Dolphin,Monkey,Kangaroo,Panda,Wolf]"
570,Invertebrate Species,"[Butterfly,Bee,Ant,Spider,Octopus,Squid,Jellyfish,Coral,Starfish,Crab,Lobster,Snail]"
571,Plant Species,"[Oak Tree,Rose Bush,Tulip,Sunflower,Lavender,Cactus,Fern,Bamboo,Orchid,Ivy,Moss,Seaweed]"
572,Fruit Types,"[Berry,Citrus,Pome,Stone Fruit,Tropical,Melon,Nut,Grain,Legume,Vegetable Fruit,Gourd,Drupe]"
573,Vegetable Types,"[Root,Leafy,Cruciferous,Marrow,Allium,Stem,Tuber,Podded,Bulb,Inflorescence,Fungus,Seed]"
574,Grain Types,"[Wheat,Rice,Corn,Barley,Oats,Rye,Millet,Sorghum,Quinoa,Buckwheat,Amaranth,Triticale]"
575,Nut Types,"[Almond,Walnut,Cashew,Pistachio,Hazelnut,Pecan,Brazil Nut,Macadamia,Pine Nut,Chestnut,Peanut,Coconut]"
576,Spice Types,"[Pepper,Cinnamon,Ginger,Turmeric,Coriander,Cumin,Cardamom,Cloves,Nutmeg,Paprika,Saffron,Vanilla]"
577,Herb Types,"[Basil,Parsley,Rosemary,Thyme,Mint,Oregano,Sage,Dill,Cilantro,Chives,Tarragon,Bay Leaf]"
578,Tea Types,"[Green,Black,White,Oolong,Pu-erh,Herbal,Rooibos,Matcha,Sencha,Earl Grey,Chamomile,Peppermint]"
579,Coffee Types,"[Arabica,Robusta,Liberica,Excelsa,Espresso,Latte,Cappuccino,Americano,Macchiato,Mocha,Flat White,Cold Brew]"
580,Wine Types,"[Red,White,Rosé,Sparkling,Dessert,Fortified,Cabernet Sauvignon,Merlot,Chardonnay,Sauvignon Blanc,Pinot Noir,Syrah]"
581,Beer Types,"[Lager,Ale,Stout,Porter,Pilsner,IPA,Wheat Beer,Sour Beer,Amber Ale,Brown Ale,Pale Ale,Bock]"
582,Cheese Types,"[Cheddar,Mozzarella,Parmesan,Brie,Gouda,Swiss,Blue,Feta,Ricotta,Cottage,Camembert,Provolone]"
583,Bread Types,"[White,Whole Wheat,Sourdough,Rye,Baguette,Ciabatta,Focaccia,Naan,Pita,Challah,Brioche,Pumpernickel]"
584,Pasta Types,"[Spaghetti,Penne,Fusilli,Lasagna,Macaroni,Ravioli,Tortellini,Linguine,Fettuccine,Rigatoni,Farfalle,Orzo]"
585,Dessert Types,"[Cake,Cookie,Pie,Pastry,Ice Cream,Pudding,Custard,Sorbet,Gelato,Tart,Brownie,Mousse]"
586,Chocolate Types,"[Milk,Dark,White,Ruby,Bittersweet,Semisweet,Unsweetened,Couverture,Gianduja,Ganache,Truffle,Praline]"
587,Candy Types,"[Hard Candy,Gummy,Caramel,Toffee,Fudge,Licorice,Marshmallow,Taffy,Nougat,Jelly Bean,Lollipop,Mint]"
588,Snack Types,"[Chips,Popcorn,Pretzels,Crackers,Nuts,Seeds,Fruit,Vegetables,Yogurt,Cheese,Granola Bar,Jerky]"
589,Fast Food Types,"[Burger,Fries,Pizza,Chicken,Taco,Sandwich,Hot Dog,Nuggets,Onion Rings,Milkshake,Soda,Ice Cream]"
590,Cuisine Types,"[Italian,Chinese,Japanese,Indian,French,Mexican,Thai,Spanish,Greek,Turkish,Vietnamese,Korean]"
591,Breakfast Foods,"[Eggs,Bacon,Pancakes,Waffles,Oatmeal,Cereal,Toast,Yogurt,Fruit,Coffee,Tea,Juice]"
592,Lunch Foods,"[Sandwich,Salad,Soup,Burger,Pizza,Pasta,Taco,Burrito,Sushi,Wrap,Quiche,Stir-fry]"
593,Dinner Foods,"[Steak,Chicken,Fish,Pasta,Rice,Potatoes,Vegetables,Salad,Soup,Stew,Casserole,Roast]"
594,Side Dishes,"[Fries,Salad,Coleslaw,Mashed Potatoes,Rice,Vegetables,Bread,Pasta,Beans,Corn,Fruit,Soup]"
595,Appetizer Types,"[Soup,Salad,Dip,Bread,Cheese,Fruit,Vegetables,Spring Roll,Dumpling,Chicken Wing,Shrimp,Bruschetta]"
596,Drink Types,"[Water,Tea,Coffee,Juice,Milk,Soda,Beer,Wine,Spirit,Cocktail,Smoothie,Shake]"
597,Kitchen Tool Types,"[Knife,Cutting Board,Bowl,Spoon,Fork,Whisk,Spatula,Tongs,Peeler,Grater,Measuring Cup,Timer]"
598,Cookware Types,"[Pot,Pan,Skillet,Wok,Dutch Oven,Roasting Pan,Baking Sheet,Casserole Dish,Muffin Tin,Loaf Pan,Pie Dish,Stockpot]"
599,Tableware Types,"[Plate,Bowl,Cup,Glass,Spoon,Fork,Knife,Napkin,Tablecloth,Placemat,Centerpiece,Salt and Pepper Shaker]"
600,Cleaning Tool Types,"[Broom,Mop,Vacuum,Dustpan,Brush,Sponge,Cloth,Bucket,Spray Bottle,Squeegee,Plunger,Duster]"